Judul;Konten;Link;Tgl;Tag;Penulis;Editor;Lokasi;Kanal Berita
GKR Hemas Ajak Karang Taruna Sleman Kreatif di Ruang Digital;" Gusti Kanjeng Ratu Hemas mengajak generasi muda Karang Taruna Kabupaten Sleman untuk meraih peluang secara kreatif di ruang digital.
Ajakan ini selaras dengan program literasi digital pemerintah Joko Widodo-Ma’ruf Amin yaitu Gerakan Nasional Literasi Digital.
“Karang Taruna sebagai bagian dari generasi muda Indonesia harus antusias untuk meraih peluang secara kreatif di ruang digital,” kata Hemas di Yogyakarta .
Hemas menjelaskan, ruang digital adalah kesempatan yang penuh dengan tantangan yang harus diraih secara positif, kreatif, dan produktif.
Semangat transformasi digital yang disampaikan Presiden Joko Widodo dalam berbagai kesempatan itu seyogianya disambut gembira oleh generasi muda.
“Generasi muda adalah kelompok produktif yang paling lincah mencari peluang kreatif, bahkan tidak mustahil mendapatkan keuntungan secarafinansialdariruang digital yang dikembangkan oleh pemerintah,” tambahHemas.
Ajakan tersebut diamini oleh Ketua Karang Taruna Kabupaten Sleman Samirin.
“Literasi digital tidak hanya upaya edukasi yang dilakukan oleh pemerintah saja, melainkan seluruh elemen masyarakat, terutama generasi muda Indonesia,” katanya di Sleman.
Samirin mengatakan, literasi digital dapat dipahami melalui prinsi pempat pilar yang gencar disosialisasikan oleh Direktorat Jenderal Aplikasi Informatika Kementerian Komunikasi dan Informatika.
“Empat pilar itu adalah kecakapan digital, budaya digital, etika digital, dan keamanan digital,” ujarnya.
“Untuk itu, kami menginisiasi aktivitas belajar bersama tentang literasi digital, peluang kerja profesional, dan cara mencari cuan di ruang digital dalamkesempatantemukangenanggota Karang Taruna se-Kabupaten Sleman di Bale Kalurahan Banyuraden, Jumat, 19 Mei 2023,” ungkapnya.
Kegiatan ini diharapkan menjawab sebagian kegelisahan anggota Karang Taruna yang mungkin masih mencari informasi dan peluangkerjas ecara digital.
“Maka kami mengundang ribuan anggota Karang Taruna se-Sleman untuk hadir dan memanfaatkan kesempatan ini untuk belajar bersama sembari temu kangen,” tandasnya.
Acara tersebut akan dihadiri oleh GKR Hemas , Bupati Sleman , Ketua Karang Taruna Daerah Istimewa Yogyakarta, dan anggota Karang Taruna Kabupaten Sleman .
";https://jogja.tribunnews.com/2023/05/18/gkr-hemas-ajak-karang-taruna-sleman-kreatif-di-ruang-digital;18/05/2023;GKR Hemas, Karang Taruna, Sleman, Tribunjogja.com, Berita DI Yogyakarta Hari Ini;Tribun Jogja;Gaya Lufityanti;Sleman;Tribun Jogja
GKR Hemas Resmikan Gedung Gambuh RSU Sakina Idaman, Ini Layanan Terpadu Geriatric;"Bertepatan dengan puncak HUT ke 28, RSU Sakina Idaman resmi menghadirkan Geriatric Center dan Rehabilitasi Medik yang menjadi fasilitas kesehatan lansia terpadu.
Direktur Rumah Sakit Umum Sakina Idaman, Dr. H. Nur Muhammad Artha, M.Sc, M.Kes mengatakan, angka harapan hidup lansia di DIY cukup tinggi. Sehingga RSU Sakina Idaman harus ambil bagian agar lansia sejahtera lahir dan batin.
""Dilengkapi dengan fisioterapimodalitas, terapi wicara, terapi okupansi, gym, dan lainnya. Yang juga didukung oleh dokter spesialis geriatri, dokter spesialis neurologi, hingga psikologi klinis,"" katanya, Kamis (18/5/2023).
""Kami juga menyediakan layanan homecare, lansia yang kesulitan menjangkau RSU Sakina Idaman akan kami jemput. Karena akses juga menjadi kendala bagi lansia. Selama masih bisa kami jangkau, tentu kami akan layani,"" sambungnya.
Geriatric Center dan Rehabilitasi Medik sengaja diberi nama Gambuh, salah satu tembang Macapat.
Ia menerangkan Gambuh berisi keutamaan dalam membangun kebersamaa, toleransi, dan persaudaraan sesama manusia. Tembang tersebut juga berisi tentang bagaimana menjalin hubungan sesama manusia yang memberikan manfaat.
""Kami berharap nantinya gedung Gambuh ini juga memberikan manfaat untuk masyakrat, khususnya lansia, dan tentunya semakin meningkatkan layanan kesehatan,""terangnya.
Gedung itu diresmikan Gusti Kanjeng Ratu Hemas. Dikatakan Anggota DPD RI ini, Geriatric Center dan Rehabilitasi Medik sangat diperlukan untuk lansia. Sebab layanan kesehatan bagi lansia dan paruh baya akan berbeda.
""Dokternya juga harus spesialis lansia, harus sabar, karena lansia ini senang cerita. Apalagi DIY ini menjadi barometer pembangunan SDM dan budaya nasional. Dan pengembangan Geriactric Center ini memang sangat dibutuhkan masyarkat. Luar biasa, karena tidak hanya memfasiliasi lansia, tetapi juga anak-anak,"" ujarnya.
RSU Sakina Idaman didirikan pasangan suami istri, Damanhuri dan Sri Muslimatun. Dari dua kamar praktik bidan swasta, kini menjelma menjadi luar biasa. 
Sementara itu, Bupati Sleman, Kustini Sri Purnomo berharap pengembangan Geriatric Center dan Rehabilitasi Medik RSU Sakina Idaman dapat menambah kualitas layanan kesehatan di Kabupaten Sleman.
""Kami berterima kasih karena Sakina Idaman terus berkonstribusi dalam memberikan layanan kesehatan yang berkualitas dan terjangkau. Ini sekaligus menjadi motivasi untuk terus meningkatkan kualitas layanan kesehatan di Kabupaten Sleman,"" katanya. (maw)";https://jogja.tribunnews.com/2023/05/18/gkr-hemas-resmikan-gedung-gambuh-rsu-sakina-idaman-ini-layanan-terpadu-geriatric;18/05/2023;GKR Hemas, RSU Sakina Idaman, Sri Muslimatun;Christi Mahatma Wardhani;ribut raharjo;Sleman;Tribun Jogja
GKR Hemas Kembali Daftar Jadi Anggota DPD RI pada Pemilu 2024, Begini Perjalanan Politiknya;"Permaisuri Keraton Yogyakarta Gusti Kanjeng Ratu (GKR) Hemas resmi maju dalam pemilihan calon anggota Dewan Perwakilan Daerah (DPD) RI pada Pemilu 2024 mendatang.
GKR Hemas mendaftar ke KPU DIY pada Senin, (8/5/2023) dan akan bertarung dari daerah pemilihan (dapil) DIY.
Untuk diketahui, Ratu Hemas mengawali karir politiknya dengan menjadi salah satu anggota Majelis Permusyawaratan Rakyat (MPR) dengan masa jabatan dari tahun 1997 hingga tahun 1999 dari Fraksi Utusan Golongan.
Pada tahun 2004 Ratu Hemas mengajukan diri menjadi anggota DPD dari Daerah Istimewa Yogyakarta tanpa partai politik dan terpilih.
Pada tahun 2009 Ratu Hemas terpilih kembali menjadi anggota DPD RI untuk masa jabatan 2009 hingga 2014 dengan perolehan 941.153 suara, yang diklaim sebagai delapan puluh persen dari masyarakat Yogyakarta.
Pada November 2012 Ratu Hemas bersama dengan Laode Ida, I Wayan Sudirta, dan John Pieris mewakili DPD RI menggugat uji materiil Undang-Undang Nomor 27 Tahun 2009 dan Undang-Undang Nomor 12 tahun 2011 ke Mahkamah Konstitusi terkait dengan pasal 22 D UUD 45 mengenai hak-hak yang sama antara lembaga DPD dan DPR.
Regulasi tersebut juga dinilai melemahkan hubungan antara pusat dan daerah.
Sebab selama ini pada proses pembuatan hukum, DPD mendapat kekuasaan untuk memberi masukan, tetapi tidak mendapat peran untuk meloloskan hukum tersebut.
DPD ingin badan legislasi giat mendukung keinginan rakyat di daerah, dan mendapat peran untuk kuasa ini.
";https://jogja.tribunnews.com/2023/05/08/gkr-hemas-kembali-daftar-jadi-anggota-dpd-ri-pada-pemilu-2024-begini-perjalanan-politiknya;08/05/2023;GKR Hemas, DPD RI, Pemilu 2024;Yuwantoro Winduajie;Muhammad Fatoni;DIY;Tribun Jogja
BREAKING NEWS : GKR Hemas Resmi Mendaftar Jadi Calon Anggota DPD RI pada Pemilu 2024;"Permaisuri Keraton Yogyakarta, Gusti Kanjeng Ratu (GKR) Hemas, resmi maju dalam pemilihan calon anggota Dewan Perwakilan Daerah (DPD) RI pada Pemilu 2024 mendatang.
GKR Hemas mendaftar di KPU DIY pada Senin, (8/5/2023) dan akan bertarung dari daerah pemilihan (dapil) DIY.
""Memang semuanya sudah berjalan sesuai dengan yang harus dilakukan dan saya kira nggak ada masalah. Saya juga diterima sebagai peserta Pemilu dan Alhamdulilah saya akan maju lagi 2024,"" jelas GKR Hemas usai menyerahkan berkas pendaftaran.
Jika kembali terpilih, GKR Hemas berkomitmen untuk menjaga wilayah DI Yogyakarta sesuai dengan tugas dan kewenangan DPD RI.
Menurutnya, hal itu lebih mudah dilakukan lantaran dirinya tidak tergabung dengan partai politik sehingga lebih leluasa ketika mengambil keputusan.
""Njagani itu istilahnya kalau ada dana yang bisa untuk membangyn DIY, ada bantuan yang sifatnya bisa saya alirkan ke Yogya. Karena DIY di dalam pembangunan ini harus saya dapatkan di tingkat pusat,"" jelasnya.
Selain itu, dirinya juga berkomitmen untuk menjaga status keistimewaan DIY.
""Saya masuk tahun 2009 kita keistimewaan Jogja berjuang di DPD dengan 8 provinsi lain akhirnya berhasil,"" jelas GKR Hemas. (*)
";https://jogja.tribunnews.com/2023/05/08/breaking-news-gkr-hemas-resmi-mendaftar-jadi-calon-anggota-dpd-ri-pada-pemilu-2024;08/05/2023;KPU DIY, DPD RI, GKR Hemas, Pemilu 2024;Yuwantoro Winduajie;Muhammad Fatoni;DIY;Tribun Jogja
Raja Charles III Ternyata Pernah ke Yogyakarta, Temu Kangen dengan Sultan Hamengkubuwono X;"Hari ini, Sabtu (6/5/2023), Pangeran Charles akan dinobatkan sebagai Raja Charles III, pemimpin monarki Inggris menggantikan sang ibu, Ratu Elizabeth II yang mangkat di bulan September 2022 lalu.
Penobatan akan digelar mulai pukul 06.00 BST atau 12.00 WIB, Sabtu (6/5/2023) di Gereja Westminster Abbey.
Dia dan istrinya, Permaisuri Camilla akan dimahkotai dan menjadi Raja Inggris ke-40.
Ternyata, Raja Charles III pernah menginjakkan kaki di Indonesia dan Yogyakarta setidaknya dua kali, di tahun 1989 dan 2008, melansir catatan arsip Kompas.
Berikut dua lawatan Pangeran Charles ke Indonesia dan Yogyakarta:

1. Tahun 1989

Lawatan pertama Pangeran Charles di tahun 1989 masih didampingi mendiang Putri Diana, istrinya.
Keduanya sampai di Bandara Halim Perdana Kusuma, Jakarta, Jumat (3/11/1989) dan melaksanakan kunjungan resmi selama empat hari, sampai (7/11/1989).
Kala itu, mereka menumpang pesawat Royal Air Force tipe BAC/Vickers VC 10 dan tiba pukul 15.51 WIB.
Kedatangannya pun disambut sejumlah pejabat negara seperti Menteri Luar Negeri Ali Alatas, Gubernur DKI Jakarta Wiyogo Atmodarminto, serta Pangdam V Jaya Mayor Jenderal Surjadi Soedirdja.
Setelah mendarat, mobil sedan Mercedes Benz seri S pun membawa Pangeran Charles dan Putri Diana menuju Istana Negara.

Dalam perjalanan, iring-iringan ini disambut warga masyarakat di sepanjang perjalanannya. Setibanya di Istana Negara, Pangeran Charles dan Putri Diana disambut oleh Presiden Soeharto dan Tien Soeharto.
Hari pertama kunjungan di Indonesia, Pangeran Charles berbincang dengan Presiden Soeharto yang didampingi Menteri Luar Negeri (Menlu) Ali Alatas di Istana Merdeka, Jakarta, Jumat (4/11/2023).
Sementara, istrinya, Putri Diana berkunjung ke Rumah Sakit Kusta Sitanala, Tangerang, Sabtu (4/11/1989).

Dalam berita di Harian Kompas yang terbit Minggu (5/11/1989), kehadiran Putri Diana digambarkan sangat penuh kasih menjumpai para pasien penyakit Kusta.
Hingga era awal dekade 1990-an, penyakit Kusta masih dianggap sebagai penyakit menyeramkan bagi masyarakat.
Putri Diana dalam kunjungan ini tampak tanpa ketakutan sama sekali dan bahkan beberapa kali tanpa ragu bersentuhan langsung dengan para penderita Kusta, terutama pasien anak-anak.
Selanjutnya, pengantin baru itu melanjutkan kunjungan ke Yogyakarta.
Pasangan putra mahkota Kerajaan Inggris ini disambut oleh Raja Kesultanan Yogyakarta Sri Sultan Hamengkubuwono X bersama permaisuri GKR Hemas di Keraton Yogyakarta.
Sejumlah atraksi seni seperti tarian dan wayang kulit disuguhkan Kerajaan Yogyakarta kepada tamu Kerajaan Inggris ini.
Lawatannya ke Yogyakarta tak hanya bertemu dengan Raja Yogyakarta, tapi juga mengunjungi Hutan Wanagama di Kabupaten Gunungkidul.


Hutan Wanagama pada masa itu menjadi salah satu potret keberhasilan mengubah kondisi lahan gersang dan gundul menjadi hutan.
Melansir Arsip Wanagama, Pangeran Charles adalah tokoh dunia pertama yang memijakan kaki di Wanagama, Minggu (5/11/1989).
Ia mendapatkan penjelasan tentang sejarah Wanagamadari Prof. Oemi Hani’in Suseno yang dibantu Prof. Sambas Sabarnurdin.
Dalam buku Wanagama: Kisah Terciptanya Hutan Pendidikan, Konservasi dan Kesejahteraan Sosial Ekonomi bagi Rakyat Sekitar karya Prof. Mohammad Naiem, Pangeran Charles sempat menyampaikan sesuatu berkaitan dengan Wanagama.
“Kondisi lahan seperti apapun, sebenarnya tetap bisa dipulihkan dengan catatan memenuhi lima hal, tiga hal penting diantaranya adalah komitmen, kerja Keras, dan kontinuitas,” kata Pangeran Charles.
Hari keeempat di Indonesia, Senin (6/11/1989), Pangeran Charles dan Putri Diana pun melanjutkan kunjungan ke Taman Mini Indonesia Indah di Jakarta.
Dalam arsip foto Kompas, keduanya disambut meriah dan menyempatkan berkunjung ke sejumlah anjungan budaya di Indonesia, seperti Rumah Gadang yang menjadi anjungan provinsi Sumatera Barat.

2. Tahun 2008

Lawatan kedua Pangeran Charles ke Indonesia dilakukan pada tahun 2008, berselang 19 tahun setelah kunjungan pertamanya.
Kunjungan kali ini, Pangeran Charles hadir sendiri ke Indonesia. Putri Diana telah wafat di tahun 1997 akibat kecelakaan di Paris, Perancis.
Pesawat yang ditumpangi Pangeran Charles juga mendarat di bandara yang sama pada kunjungannya yang pertama, yaitu di Bandara Halim Perdanakusuma, Jakarta, Sabtu (1/11/2008).
Agenda utama kunjungan kedua kalinya ke Indonesia adalah melihat langsung proyek penghutanan kembali di wilayah Jambi yang merupakan bantuan Pemerintah Inggris, yaitu Hutan Harapan.
Tujuan kunjungan ini semakin menegaskan akan tingginya perhatiannya terhadap lingkungan hidup.
Hutan di Indonesia di mata Pangeran Charles sangat penting karena Indonesia memiliki hutan tropis terbesar yang sangat baik dalam penyerapan karbon, terlebih lagi kondisi perubahan iklim global yang semakin meningkat.
Hutan Harapan di Jambi pun menjadi tujuan pertama selama kunjungannya di Indonesia.
Sehari setelah tiba di Indonesia, Pangeran Charles pun lalu mengunjunginya, Minggu (2/11/2008).
Dilanjutnya, usai mendatangi Hutan Harapan, Pangeran Charles pun hadir ke Istana Merdeka untuk penyambutan resmi kedatangannya, Senin (3/11/2008).
Presiden Susilo Bambang Yudhoyono, Wakil Presiden Jusuf Kalla, Menteri Lingkungan Hidup Rachmat Witoelar pun melakukan penyambutan putra mahkota Kerajaan Inggris ini.
Selain penyambutan, pertemuan ini juga diisi pemaparan masing-masing terkait tema lingkungan.
Pangeran Charles dalam kesempatan ini memaparkan pidatonya dengan tema masa depan hutan tropis dan peran negara berkembang dalam melestarikan hutan tropis.

Hari selanjutnya, yaitu Selasa (4/11/2008), Pangeran Charles pun melawat lagi ke Yogyakarta.
Momen ini juga menjadi momen kedua kalinya bagi Sri Sultan HB X menjamu tamu Kerajaan Inggris ini setelah 19 tahun sebelumnya di tempat yang sama, yaitu Keraton Yogyakarta.
Atraksi seni berupa tarian Jawa, seperti Tari Golek Menak Rengganis, disuguhkan untuk menghibur dan menyambut Sang Pangeran Inggris tersebut.
Visi lingkungan hidup pun masih tetap menyertai Pangeran Charles ketika berada di Yogyakarta.
Setelah kunjungan sebelumnya mengunjungi Hutan Wanagama, kali ini dirinya memadukan antara visi lingkungan hidup dengan ajaran-ajaran antar lintas keyakinan.
Pangeran Charles pun berkunjung ke Pondok Pesantrean Nahdlatul Ulama Krapyak, Yogyakarta.
Di tempat ini Pangeran Charles pun mendengarkan pembacaan ayat suci Al Quran Surat An Nur ayat 39-41 yang berisi pesan tentang lingkungan alam.
Selain di Kraton Yogyakarta dan Pondok Pesantren NU Krapyak, Pangeran Charles juga mengunjungi Candi Borobudur di Magelang, Jawa Tengah.
Beberapa foto arsip Kompas memperlihatkan Pangeran Charles mengamati sejumlah relief-relief candi terbesar di dunia ini.
";https://jogja.tribunnews.com/2023/05/06/raja-charles-iii-ternyata-pernah-ke-yogyakarta-temu-kangen-dengan-sultan-hamengkubuwono-x?page=4;06/05/2023;"Pangeran Charles, Penobatan Raja Charles III, Raja Charles III, Ratu Elizabeth II, Putri Diana, Sri Sultan Hamengkubuwono X, GKR Hemas, Tribunjogja.com
";Bunga Kartikasari;Bunga Kartikasari;DIY;Tribun Jogja
Tinjau Pasar Beringharjo Yogyakarta, GKR Hemas Pastikan Harga Bahan Pokok Stabil Jelang Lebaran;"Anggota Dewan Perwakilan Daerah (DPD) RI, GKR Hemas menyambangi Pasar Beringharjo di Kota Yogyakarta pada Selasa (18/4/2023), untuk memastikan ketersediaan pasokan serta harga barang kebutuhan pokok di DIY jelang Hari Raya Idul Fitri.
Dalam kunjungannya, GKR Hemas juga sempat berbelanja produk-produk yang dijajakan para pedagang Pasar Beringharjo.
Pedagang juga tampak antusias dan menyambut hangat kehadiran Hemas bersama rombongan.
Beberapa di antaranya menyempatkan diri untuk bersalaman dan berfoto bersama.
Didampingi beberapa orang tim pendukung, GKR Hemas memastikan ketersediaan bahan sangat cukup di Pasar Beringharjo.
Menurut GKR Hemas, pemerintah harus bisa menjamin ketersediaan sembako dengan menjaga kuantitas produksi dan rantai distribusinya.
Sebab, pemerintah memiliki kewajiban untuk memastikan agar warganya dapat mengakses berbagai macam bahan pokok dengan harga terjangkau.
“Saya  sebagai wakil rakyat dan wakil daerah bertugas untuk mengawasi, dan memastikan agar rakyat Jogja terjamin semua kebutuhannya. Tugas saya untuk memastikan bahwa rakyat Jogja kebutuhan perutnya tercukupi, kebutuhan otaknya tercukupi, dan kebutuhan hatinya juga tercukupi,” kata GKR Hemas.
Menurutnya, pasar yang menjual berbagai kebutuhan pokok di lantai 2 itu terlihat bersih dan cukup ramai ketika didatangi.
Berbagai kebutuhan pokok berjajar tersebar di  seluruh lantai 2 pasar. Bahan pangan seperti beras, minyak goreng, cabai, bawang, daging ayam, telur ayam, daging sapi masih tersedia dan terpampang rapi.
Adapun rincian pantauan harga bahan pokok yaitu beras medium Rp 11.300 per kilogram, beras premium Rp 11.800, beras termurah Rp 9.400, cabe rawit merah Rp 25.000, cabe merah besar Rp 25.000, cabe merah keriting Rp 20.000,  gula pasir Rp 13.500, minyak goreng kemasan Rp 15.000, minyak goreng curah Rp 14.000, daging  sapi Rp 130.000, daging ayam Rp 32.000, dan telur ayam Rp 27.000.
Harga-harga ini sebenarnya masih di atas harga nasional.
Misalnya beras medium seharusnya berada di harga Rp 9.450 per kilogram, tetapi karena keadaan mendekatnya Lebaran dan adanya arus mudik membuat terjadinya fluktuasi harga.
Meski demikian, kenaikan harga yang terjadi masih dianggap normal dan terkendali menjelang hari besar keagamaan.
""Dan ternyata memang kalau bahan pokok tidak signifikan naik terutama beras, minyak juga stabil. Saya lihat seperti bawang merah dan putih harganya stabil. Jadi untuk pasar di Jogja ini saya kira bisa diamankan harga-harga bahan pokoknya,"" papar Hemas.
Lebih lanjut, GKR Hemas berharap momen Idul Fitri juga dapat membawa berkah bagi masyarakat.
Hemas pun mengimbau kepada masyarakat untuk tidak berlebihan ketika merayakan Lebaran.
""Lebaran itu juga bukan menjadi sesuatu yang harus dipestakan berlebihan tapi kita harus mengingat banyak masyarakat yang belum bisa menikmati Lebaran secara sempurna,"" jelas Hemas.
";https://jogja.tribunnews.com/2023/04/18/tinjau-pasar-beringharjo-yogyakarta-gkr-hemas-pastikan-harga-bahan-pokok-stabil-jelang-lebaran;18/04/2023;GKR Hemas, Pasar Beringharjo, kebutuhan pokok, Idul Fitri 1444 H;Yuwantoro Winduajie;Muhammad Fatoni;Yogya;Tribun Jogja
GKR Hemas Bicara Soal Kemegahan Bahasa Jawa dalam Seminar Bersama Balai Bahasa Yogyakarta;"Demi melestarikan bahasa Jawa sebagai bahasa ibu, Balai Bahasa Yogyakarta menggelar seminar nasional Hari Bahasa Ibu.
Seminar digelar di Pendopo Kraton Kilen, Kraton Ngayogyakarta, Senin (13/3/2023).
Acara ini dihadiri sekitar 100 peserta dari berbagai kota dan kabupaten yang ada DIY.
Dalam seminar itu Kepala Badan Pengembangan dan Pembinaan Bahasa Dinas Pendidikan, Pemuda, dan Olahraga DIY Aminudin Azis menjadi salah satu pembicara bersama Gusti Kanjeng Ratu (GKR) Hemas. 
Dalam pemaparannya, GKR Hemas menyebut Indonesia memiliki 718 bahasa daerah. 

Sementara menurutnya penutur bahasa Jawa mencapai 80 juta orang. 
Ini tersebar tak hanya di Pulau Jawa. Namun juga di Sumatera, Kalimantan, hingga ke Suriname dan lainnya.
“Penggunaan bahasa Jawa juga membantu pengembangan kebudayaan dan studi bahasa Indonesia. Banyak sekali arsip sejarah yang dicatat dalam bahasa Jawa. Demikian juga ilmu arkeologi dan filsafat. Bahkan agama juga dikembangkan dalam bahasa Jawa,” jelas Hemas, Senin siang.
Dia menjelaskan pengajaran bahasa Jawa sejak dini dapat membantu meningkatkan pengembangan otak manusia. 
Ini karena bahasa Jawa yang diajarkan ada beberapa jenis di antaranya bahasa Jawa ngoko untuk komunikasi sehari-hari.
Kemudian bahasa Jawa krama untuk komunikasi dengan orang yang lebih tua.
“Orang dengan kemampuan bahasa Jawa akan memiliki kemampuan bilingual. Semoga tetap kita melakukan kegiatan sebagai manusia Indonesia yang harus bisa mempertahankan budaya dan tradisinya,” jelasnya.
Kepala Balai Bahasa Yogyakarta Dwi Pratiwi menuturkan seminar ini diikuti oleh 100 peserta. 
Tema yang diusung yakni Bahasa Jawa Sebagai Saka Guru Penyesuaian Masyarakat Terhadap Perkembangan Ilmu Pengetahuan dan Teknologi dan Arus Budaya Lokal.

Seminar kali ini juga sekaligus mewadahi diskusi berkaitan dengan pelestarian bahasa Jawa. 
Selain itu menyangkut bagaimana bahasa Jawa menjadi sarana berpikir dan perkembangan IPTEK. 
Khususnya agar kosakata atau istilah lokal tidak hilang ditelan zaman.
“Ini menjadi pijakan terkait regulasi selanjutnya. Balai Bahasa ingin selalu hadir dalam revitalisasi bahasa daerah yang sudah sangat baik di Yogyakarta,"" ujarnya.
Lebih lanjut Dwi Pratiwi berkomitmen bahasa Jawa bukan hanya dihadirkan dalam mata pelajaran di sekolah, melainkan menjadi sarana komunikasi yang efektif.
""Kami mempunyai komitmen ndherek nyengkuyung. Bahasa Jawa tidak hanya jadi mapel di sekolah tapi betul-betul jadi sarana komunikasi efektif,” pungkasnya.

";https://jogja.tribunnews.com/2023/03/13/gkr-hemas-bicara-soal-kemegahan-bahasa-jawa-dalam-seminar-bersama-balai-bahasa-yogyakarta?page=all;13/03/2023;GKR Hemas, Bahasa Jawa, Yogyakarta, Berita Kota Yogya Hari Ini;Miftahul Huda;Kurniatul Hidayah;Yogya;Tribun Jogja
TP PKK DIY Sosialisasikan Gemarikan di Kulon Progo, Sasar Ibu Hamil, Menyusui dan Miliki Batita;"Tim Penggerak PKK DIY melakukan sosialisasi gerakan memasyarakatkan makan ikan (Gemarikan) di Pagerharjo, Kapanewon Samigaluh, Kabupaten Kulon Progo, Senin (13/3/2023). 
Sosialisasi menyasar ibu hamil, ibu menyusui dan ibu yang memiliki anak bawah tiga tahun (batita) sebagai upaya pengentasan stunting di daerah ini. 
Ketua Tim Penggerak PKK DIY, Gusti Kanjeng Ratu (GKR) Hemas menyampaikan, pentingnya mengkonsumsi ikan bagi kesehatan masyarakat. 

Kandungan gizi yang terdapat dalam ikan baik untuk dikonsumsi. Sejalan dengan penanganan dini stunting yang masih menjadi permasalahan di DIY. 
""Stunting itu dimulai dari persiapan ibu akan hamil. Kalau setiap hari ada asupan ikan akan sangat baik. Kemudian anak yang dilahirkan gizinya juga baik. Jadi kita mencoba makan ikan dengan mengatasi segala kekurangan vitamin yang ada di masyarakat,"" katanya.
GKR Hemas optimis masyarakat di Kulon Progo mampu mencukupi gizi yang seimbang untuk meningkatkan kesehatan sekaligus mensejahterakan masyarakat itu sendiri. 
Sosialisasi gemarikan bagian dari rangkaian peringatan Hari Kartini yang dilaksanakan oleh Tim Penggerak PKK DIY. 
Selain sosialisasi, juga dilakukan pembagian 400 paket sembako masing-masing untuk masyarakat di Kalurahan Pagerharjo dan guru PAUD.
Penjabat (Pj) Bupati Kulon Progo, Tri Saktiyana mendorong peningkatan konsumsi ikan di kalangan masyarakat. 
Kandungan gizi yang terdapat pada ikan menjadi alternatif peningkatan konsumsi makanan bergizi bagi masyarakat. 
""Kiranya bisa mendorong konsumsi ikan lebih banyak lagi. Sehingga bisa menggeser, menggantikan atau mengurangi konsumsi daging ayam, kambing, sapi dan sebagainya. Kemudian digantikan dengan daging ikan yang lebih baik, murah dan jaminan halalnya lebih tinggi,"" kata Tri.";https://jogja.tribunnews.com/2023/03/13/tp-pkk-diy-sosialisasikan-gemarikan-di-kulon-progo-sasar-ibu-hamil-menyusui-dan-miliki-batita;13/03/2023;TP PKK DIY, Kulon Progoibu hamil, GKR Hemas, Berita Kulon Progo Hari Ini;Sri Cahyani Putri;Kurniatul Hidayah;Kulon Progo;Tribun Jogja
Bertemu GKR Hemas, Pemuda Pancasila DIY Diminta Bantu Menjaga Keamanan;"Majelis Pimpinan Wilayah (MPW) Pemuda Pancasila DIY menggelar audiensi, sekaligus silaturahmi dengan Anggota DPD RI Daerah Pemilihan (Dapil) DIY GKR Hemas, di Keraton Kilen, Selasa (7/3/2023).
Ditemui langsung oleh GKR Hemas, perwakilan MPW Pemuda Pancasila DIY antara lain, Ketua Faried Jayen Soepardjan, Komandan KOTI Mahatidana Yuni Astuti, dan sejumlah pengurus serta ketua-ketua MPC Pemuda Pancasila di kabupaten-kota DIY.
Faried Jayen pun mengungkapkan, bahwa agenda tersebut merupakan bagian dari sambung silaturahmi antara jajaran Pemuda Pancasila dengan GKR Hemas selaku senator perwakilan Yogyakarta.
""Salah satu yang dibahas adalah tentang masalah penanganan klitih, atau kejahatan jalanan. Tadi, pesan Bu Ratu supaya Pemuda Pancasila ikut membantu petugas berwajib, walaupun sebenarnya itu sudah lama kami lakukan,"" ungkapnya, selepas audiensi.

""Selain itu tadi juga Bu Ratu menyampaikan, ya, agar kami di Pemuda Pancasila DIY pun bisa ikut menjaga keamanan, terutama di tahun-tahun politik seperti sekarang ini,"" sambung Faried Jayen.
Dijelaskannya, mendekati politik ini, harapannya tidak sampai berdampak pada kondisi keamanan di DIY, sehingga harus diantisipasi sedini mungkin.
Ia memastikan, Pemuda Pancasila DIY siap ikut menjaga keamanan di tahun politik, bersama dengan pihak-pihak lainnya, untuk meredam sumber-sumber konflik agar tidak muncul situasi gaduh di DIY yang bisa berujung konflik dan gangguan keamanan.
""Tadi Bu Ratu juga minta agar Pemuda Pancasila DIY melakukan aksi-aksi sosial yang nyata dan dirasakan dampaknya langsung oleh masyarakat. Sebenarnya sudah sering kami lakukan dan mungkin akan kami tingkatkan intensitasnya,"" cetusnya.
""Ke depan, Bu Ratu menyampaikan siap bergandeng tangan atau berkolaborasi dengan Pemuda Pancasila, untuk melakukan kegiatan sosial dan kemasyarakatan bersama,"" pungkas Faried Jayen.";https://jogja.tribunnews.com/2023/03/07/bertemu-gkr-hemas-pemuda-pancasila-diy-diminta-bantu-menjaga-keamanan;07/03/2023;GKR Hemas, Pemuda Pancasila, Tribunjogja.com, Yogyakarta, Berita DI Yogyakarta Hari Ini;Azka Ramadhan;Gaya Lufityanti;DIY;Tribun Jogja
Tanggapi Aksi Penganiayaan di Titik Nol Kilometer Jogja, GKR Hemas: Anak-Anak Ini Ingin Jadi Jagoan;"Anggota DPD RI dari DIY Gusti Kanjeng Ratu (GKR) Hemas angkat bicara menyikapi aksi pengeroyokan di kawasan Titik Nol Kilometer yang terjadi pada  Selasa (9/2/2023) lalu.
Permaisuri Raja Keraton Yogyakarta ini menyoroti peran orangtua dalam melakukan pengawasan terhadap anaknya.
Pengawasan sangat diperlukan terlebih remaja yang tengah memasuki masa pubertas selalu berupaya untuk mencari pengakuan terhadap lingkungan sekitarnya.
Untuk mencari pengakuan tersebut, terkadang remaja menempuh cara yang salah yakni dengan bergabung gang pelajar yang kerap melangsungkan aksi kriminal di jalanan.
""Soalnya geng itu kalau dia nggak melakukan kekerasan nggak naik pangkat atau terakomodasi sama gerombolannya. Sementara anak-anak ini kan jagoan-jagoan semua, maunya jadi jagoan. Terlepas dari itu, orangtua harus tetap waspada dan mengawasi anak-anak ini,"" kata GKR Hemas saat ditemui di Kompleks Kepatihan Yogyakarta, Kamis (9/2/2023).

GKR Hemas melanjutkan, saat ini Pemda DIY masih berupaya mencari formulasi yang paling tepat untuk mengatasi permasalahan sosial tersebut. 
Namun hal ini membutuhkan proses panjang karena masalahnya yang tergolong kompleks.
Dirinya pun berharap agar polisi dapat mengusut tuntas kasus penganiayaan tersebut agar pelaku dapat segera mendapat hukuman dan menjadi jera.
""Geng-geng ini kan tidak bisa diselesaikan dalam waktu cepat dan itu akan terus tumbuh anak-anak ini, sehingga dengan adanya peristiwa kemarin dan kemarin sudah diidentifikasi semoga ini bisa diselesaikan dengan baik,"" ujarnya. (*)";https://jogja.tribunnews.com/2023/02/09/tanggapi-aksi-penganiayaan-di-titik-nol-kilometer-jogja-gkr-hemas-anak-anak-ini-ingin-jadi-jagoan;09/03/2023;kekerasan jalanan, penganiayaanTitik Nol Kilometer, GKR Hemas;Yuwantoro Winduajie;Muhammad Fatoni;Yogya;Tribun Jogja
Dalam Hitungan Jam Nilai Transaksi Pameran UMKM ATF 2023 Capai Rp 1,4 Miliar;"Nilai transaksi UMKM dalam Pameran UMKM Ekonomi Kreatif dan Festival Kuliner ASEAN Tourism Forum (ATF) 2023 mencapai Rp 1,4 miliar beberapa jam setelah pameran resmi dibuka. 
Jumlah tersebut dipastikan akan terus bertambah, mengingat pameran ini akan terus berlangsung hingga 5 Februari 2023 mendatang. 
Ketua Dekranasda DIY sekaligus permaisuri Gubernur DIY GKR Hemas mengatakan, pameran ini diikuti oleh 160 UMKM, dengan mengedepankan program free ongkir untuk membantu UMKM memasarkan produknya. 

Melalui platorm SiBakul Jogja yang digagas Pemda DIY, pelaku UMKM ini  diberi kemudahan untuk mendistribusikan produknya sampai ke seluruh dunia. 
“ATF ini membawa dampak yang luar biasa. Kita bisa menampilkan kerajinan dari Yogyakarta dan  seluruh Indonesia. Menampilkan banyak barang UMKM yang juga sudah memberikan demonstrasinya. Juga ada transaksi antar negeri, jadi ATF ini bisa membawa berkah untuk Jogja,” kata GKR Hemas. 
GKR Hemas mengatakan, banyak industri kecil atau UMKM di seluruh Indonesia yang berperan besar dalam peningkatan pariwisata ini. 
UMKM kreatif selalu menjadi incaran para wisatawan untuk bisa mendapatkan sesuatu yang khas Jogja dan khas Indonesia. 
UMKM sendiri memberikan sumbangan pertumbuhan ekonomi hingga 1,8 persen di Indonesia, dan bisa menciptakan 2 juta lapangan kerja. Masa setelah pandemi adalah saat yang tepat bagi UMKM Pariwisata untuk melakukan ekspansi. 
Dirinya berharap Pameran Parekraf ini bisa menghasilkan keuntungan yang nyata. GKR Hemas pun menghimbau kepada UMKM untuk terus bergerak menciptakan peluang-peluang baru, terus bekerja keras, dan selalu memunculkan kreasi dan inovasi baru. 
“Kita semua harus tetap bergerak maju, melakukan kerja sama yang baik, mengembangkan kapasitas pribadi, dan menghadapi tahun 2023 dengan penuh keyakinan, tanpa ketakutan terhadap resesi. Saya yakin tahun ini akan menjadi tahun pembuka untuk masa-masa yang lebih baik, lebih makmur, dan lebih bahagia untuk kita semua,” ungkap GKR Hemas. 
Sementara istri Menparekraf, Nur Asia Salahudin Uno mengatakan, ATF ini adalah momentum yang sangat penting untuk membangkitkan ekonomi Indonesia. 
Apalagi melihat bahwa geliat UMKM di DIY yang tergolong baik. 
“Kalau dilihat hari ini kan ada transaksi 1,4 miliar. kalau 5 hari bisa 5 kali lipat dari 1,4 miliar hanya dari pameran ini saja. Harapannya ekonomi Indonesia bangkit ya, karena UMKM inilah mereka sudah mulai menggeliat dan pariwisata mulai bangkit,” ujar Nur Asia.
Indonesia menurutnya termasuk negara yang cepat pemulihannya. Hal ini tak lepas dari kecepatanpergerakan pada industri kreatif yang terus digalakkan. 
ATF 2023 bagi Nur Asia adalah kesempatan emas mempromosikan serta memangkitkan pariwisata serta UMKM Indonesia. 
“Kalau target transaksi, Bapak (Menteri Parekraf RI Sandiaga Uno) yang lebih tahu, bagian saya adalah mengajak untuk ayo semua berbelanja dan menghidupkan UMKM,” tuturnya. 
Sementara itu, Ketua Badan Promosi Pariwisata Daerah (BPPD) DIY sekaligus Panitia ATF 2023 GKR Bendara menjelaskan, ATF 2023 ini adalah ajang prestisius bagi dunia pariwisata se-ASEAN. 
Event ini  menjadi pintu gerbang Indonesia dengan memprioritaskan DIY dengan menonjolkan destinasi baru untuk bisa diperkenalkan dan dipromosikan. 
ATF 2023 ini dikemas dengan sedikit berbeda dari negara lain. Di negara lain tidak pernah ada B to C, hanya B to B saja atau hanya Business to Business.
Konsep B to C atau konsep penjualan Business to Consumers ini diusung pertama kali di DIY. DIY mendorong untuk pemaksimalan perekonomian untuk bisa berkembang. 
“Tidak dipungkiri bahwa pariwisata dengan UKM maupun Kemenparekraf RI korelasinya sangat dekat jadi adanya UMKM itu memang yang bikin ini jadi spesial,” kata GKR Bendara. 
Tidak hanya saat ini saja UMKM terbuka untuk berkembang hingga mancanegara atau ekspor, namin dirinya berharap ada efek berkelanjutan dari ajang ini. “Kalau dari kami ATF adalah Bagaimana kami bisa mempromosikan UMKM sehingga kedepannya itu menjadi peluang-peluang baru,” tutup GKR Bendara.";https://jogja.tribunnews.com/2023/02/02/dalam-hitungan-jam-nilai-transaksi-pameran-umkm-atf-2023-capai-rp-14-miliar?page=all;02/02/2023;UMKM, ATF, ATF 2023, Transaksi, Nur Asia Uno, Sandiaga Uno, GKR Hemas, GKR Bendara, Berita Jogja Hari Ini;Yuwantoro Winduajie;Kurniatul Hidayah;Yogya;Tribun Jogja
Siapkan Kejuaraan Badminton Nasional, PBSI DIY Gembleng Atlet Sejak Dini;"Pengda PBSI DIY terus mengawal pembinaan atlet bulutangkis dapat dilakukan sejak dini.
Oleh karenanya, PBSI DIY akan terus membangun cara, agar potensi bibit atlet yang unggul bisa terdeteksi lebih awal.
Apalagi di DIY terdapat sekitar 100 klub bulutangkis. “Kami juga menyiapkan berbagai turnamen untuk menjaring bibit-bibit baru atlet bulutangkis,” kata Ketua Umum Pengda PBSI DIY, KPH H Yudanegara PhD, di sela-sela membuka kejuaraan bulutangkis Piala GKR Hemas 2023 di GOR Pangukan Sleman, Senin (29/5/2023).
Menurut Kanjeng Yuda, tahun ini saja PBSI DIY menyiapkan setidaknya 3 turnamen level nasional dan daerah. Setelah Piala GKR Hemas, akan disusul dengan Kapolda Cup dan Piala Raja serta Kejurda.
Dengan iklim kompetisi yang terjaga dan berjenjang, diharapkan akan membuat pembinaan atlet akan berjalan lebih baik, sehingga potensi atlet-atlet muda juga akan lebih optimal. “Selama pandemi mereka ini ibaratnya tentara, latihan terus tapi tidak pernah perang. Nah, tugas kami PBSI adalah memfasilitasi mereka dengan turnamen-turnamen seperti ini, untuk menguji hasil latihan mereka di klub. Jadi turnamen adalah medan perangnya atlet bulutangkis kita di semua kelompok umur,” sambungnya.
KPH Yudanegara mengaku yakin, banyak bibit unggul bidang keolahragaan termasuk bulutangkis yang ke depan akan muncul di DIY. Untuk cabor bulutangkis misalnya, DIY memiliki Muhammad Rian Ardianto yang sudah mengukir prestasi di turnamen internasional.
“Dengan pembinaan yang tertata dan semakin baik, bukan tidak mungkin akan kita temukan Rian Rian lain di usia muda, yang ke depan akan menggantikan peran senior mereka di kancah nasional bahkan dunia,” lanjutnya.
KPH Yudanegara menambahkan, upaya pembinaan atlet sejak dini perlu kolaborasi dan sinergi dari seluruh pemangku kepentingan. Melalui turnamen-turnamen yang digelar, diharapkan akan semakin terbentuk pola pembinaan yang ideal untuk atlet-atlet di semua kelompok usia. “Termasuk soal risiko bagi atlet, ofisial dan wasit. Kita harus belajar dari kasus cederanya atlet bulutangkis Indobesia di Malaysia Open kemarin. Maka, saya ingin atlet-atlet kita sebisa mungkin juga tercover asuransi,” katanya.
Terkait hal ini, Pengda PBSI kata Yudanegara, baru dalam tahap melakukan inventarisasi terhadap seluruh atlet yang dibina melalui klub di DIY. Dari inventarisasi ini, kemudian akan dikaji lebih lanjut terkait upaya pembinaan, termasuk memberikan asuransi, untuk memberikan jaminan perlindungan mengingat risiko terjadinya cidera yang tinggi.
“Pola penggemblengan atlet kita serahkan ke klub. Karena yang tahu kan kawan-kawan di klub. Kami lebih pada membangun ekosistem guna membantu klub agar program pembinaan lebih optimal,” kata Yudanegara. Deputi Direktur BPJS Ketenagakerjaan Jateng dan DIY Cahyaning Indriasari menyatakan dukungannya terhadap berbagai kegiatan keolahragaan. Usai menghadiri pembukaan turnamen bulutangkis Piala GKR Hemas 2023, diutarakannya, BPJS Ketenagakerjaan saat ini terus bergerak dan bergandeng tangan dengan asosiasi, KONI dan juga pemda untuk memberikan perlindungan bagi para atlet.
“Perlindungan ini bukan hanya temporer saat mereka menjalani turnamen seperti sekarang. Tapi juga bisa kami berikan untuk jangka panjang. Karena risiko atlet dan pelatih bisa muncul kapan saja. Bahkan saat mereka sedang berlatih di masing-masing klub, atau saat perjalanan berangkat dan pulang dari berlatih,” kata Cahyaning.
Kepala Cabang BPJS Ketenagakerjaan DIY, Teguh Wiyono menambahkan, untuk saat ini perlindungan jaminan sosial ketenagakerjaan bagi atlet di DIY sudah merambah pada atlet untuk sejumlah cabor seperti sepakbola, taekwondo, karate dan bulutangkis. Ke depan, diharapkan akan makin banyak atlet-atlet di daerah yang masuk menjadi peserta BPJS Ketenagakerjaan. Sehingga atlet dan pelatih bisa lebih fokus pada upaya mencapai prestasi terbaik, karena semua risiko yang mungkin terjadi bagi atlet dan pelatih diambil alih oleh BPJS Ketenagakerjaan.
“Masih sangat banyak cabor yang mestinya menggandeng kami untuk perlindungan atletnya. Hanya dengan iuran sebesar Rp 16.800 perbulan untuk satu peserta, untuk dua program yakni JKK dan JKM. Sangat murah. Selanjutnya mereka bisa fokus ke program latihan untuk mengejar prestasi,” ujar Teguh. ";https://www.harianmerapi.com/sport/408949570/siapkan-kejuaraan-badminton-nasional-pbsi-diy-gembleng-atlet-sejak-dini?page=2;29/05/2023;BPJS Ketenagakerjaan, atlet, Bulutangkis, PBSI DIY;Sutriono;Sutriono;DIY;Harian Merapi
Memperebutkan Trofi GKR Hemas, Lomba Design Batik Jogokariyan;"Untuk lebih memantapkan identitas Kampung Jogokariyan sebagai 'Kampung Budaya Jawa Ngayogyakarto Hadiningrat', maka kampung Jogokariyan menggelar lomba design motif batik, yang dapat memberikan ciri khas dan identitas Kampung Jogokariyan.

Tema yang diusung dalam lomba design batik kali ini yaitu, 'Batik Motif Jogokariyan Menjadi Identitas Budaya Jawa Ngayogyakarto Hadiningrat'.  Memperebutkan trofi GKR Hemas dan berhadiah total uang Rp 10 juta.

Hal tersebut disampaikan M Jazir ASP, Ketua Kampung Jogokariyan Kota Yogyakarta dalam kunjungan silaturahmi dengan jajaran Direksi PT BP Kedaulatan Rakyat (KR) di ruang Direksi KR, Jalan Margo Utomo 40-46 Yogya, Senin (5/6/2023). Diterima Dirut PT BP KR M Wirmon Samawi SE MIB dan Imam Satriadi SH (Direktur Keuangan). Saat silaturahmi M Jazir ASP didampingi panitia lomba Agus Triyatno (Ketua panitia), Mudjiono, Eko Teguh, Amirudin Hamzah, Djoko Sulasno, Sri Wahyuningsih dan Aries Krisnawan.

Lebih lanjut dikatakan Jazir ASP, tujuan kampung Jogokariyan mengadakan lomba design batik, di antaranya guna menggali ide kreatif dalam merancang motif batik yang dapat memberikan Kampung Jogokariyan. Selain untuk meningkatkan kecintaan dan kepedulian masyarakat terhadap pelestarian batik.

""Juga untuk meningkatkan promosi batik, khususnya batik bernuansa kearifan lokal yang semakin luas dikenal baik di tingkat nasional maupun Internasional,"" tutur Jazir.

Agus Triyatno mengungkapkan, untuk mengikuti kegiatan lomba design batik ini, panitia penyelenggara menentukan sebanyak 14 kriteria yang harus diikuti peserta.

Dari 14 ketentuan itu, di antaranya peserta adalah umum dan atas nama perorangan. Lomba tidak dipungut biaya alias gratis. Panitia tidak menyediakan fasilitas alat, sarana dan prasarana untuk lomba.

""Karya para peserta belum pernah diikut-sertakan dalam apapun. Lomba ini dimulai Selasa (6/6) hingga Senin (26/6) mendatang. Design motif batik dapat diaplikasikan menjadi pakaian kemeja, blouse, busana muslim, blazer, merchandise (topi, tas, kaos urbane dan sebagainya,"" jelas Agus.

Disebutkan, design batik diskripsi singkat yang mencakup judul karya, sumber ide dan alasannya yang dinarasikan di atas kertas HVS (A4), menggunakan huruf Times New Roman 12pt spasi 1,5.

""Karya design, diskripsi dan biodata peserta dimasukkan di dalam amplop tertutup dan di atas pojok sebelah kanan ditulisi Lomba Design Motif Batik Jogokariyan di kirim ke Sekretariat Masjid Jogokariyan, Jalan Jogokariyan No 36 Mantrijeron, Yogya selambat-lambatnya 26 Juni 2023, lewat email agus_triyatno@gmail.com atau WA 6285226406575.

Lomba dinilai 3 Juli dan diumumkan di media 5 Juli 2023. Kriteria penilaian meliputi motif (keunikan, artistik), komposisi warna, kreativitas dan keharmonisan antara judul, sumber ide dan motif. (Rar)";https://www.krjogja.com/berita-lokal/read/507956/memperebutkan-trofi-gkr-hemas-lomba-design-batik-jogokariyan ;05/06/2023;Tamu KR, Masjid Jogokariyan, Trofi GKR Hemas;Ary B Prass;;Yogya;Kedaulatan Rakyat
Musda LKKS 'BK3S' DIY Pilih GKR Hemas Ketum Periode 2023-2028;"GKR Hemas terpilih sekaligus ditetapkan menjadi Ketua Umum (Ketum) Lembaga Koordinasi Kesejahteraan Sosial 'BK3S' DIY periode 2023-2028 dalam musyawarah daerah LKKS 'BK3S' DIY yang berlangsung di Gedung LKKS 'BK3S' Jalan Tentara Rakyat Mataram, Badran JT I/704 Yogya, Sabtu (3/6).

Musda yang dibuka Kepala Dinas Sosial DIY Endang Patmintarsih SH MSi, dihadiri utusan perwakilan LKS se DIY, seluruh Pengurus LKKS 'BK3S' DIY periode 2018-2023, penasehat LKKS 'BK3S' DIY, utusan LKKS Kabupaten/Kota, utusan Dinas Sosial DIY dan Dinas Sosial Kabupaten/Kota dan undangan khusus mitra kerja.

Sekretaris panitia penyelenggara Musda Tomy Hendrawanto SE mengatakan, sebelum dilakukan Musda, pengurus LKKS 'BK3S' DIY melakukan Pra Musda 21 Maret 2023 lalu untuk mengusulkan GKR Hemas menjadi Ketum. ""Ditetapkannya GKR Hemas sebagai Ketua Umum berdasarkan Bab VII Pengurus, pasal 20 yang berbunyi, bahwa seseorang dipilih menjadi Ketua Umum adalah seorang istri atau kepala daerah/Gubernur. Atau seseorang yang ditunjuk oleh istri atau suami Kepala Daerah/Gubernur,"" ujar Tomy, seraya menjelaskan untuk susunan pengurus LKKS 'BK3S' yang baru masa bakti 5 tahun ke depan belum bisa diumumkan karena masih ada perubahan.

GKR Hemas mengatakan, perjalanan LKKS 'BK3S hingga sekarang cukup bagus. ""Begitu pula gedung LKKS 'BK3S' ini bagi saya sangat luar biasa yang membawa sejarah. Bukan hanya sejarah bagi BK3S saja, tapi sejarah bagi kehidupan saya. Pertama saya terjun ke dunia legislatif berkat BK3S, karena anggaran yang diberikan ke kegiatan sosial dan ke kegiatan pendidikan sangat kecil. Keinginan tahu saya sampai hari ini sebetulnya ikut memperjuangkan bagaimana anggaran APBN yang harus tersalurkan sampai ke provinsi, kabupaten/kota dan masyarakat,"" ujar GKR Hemas.

Menurut GKR Hemas, banyak kebijakan-kebijakan yang tentu saya ikuti dari komite I pembuat undang-undang sampai komite IV bidang anggaran, saya terjuni semua setiap perode.""Karena itulah saya harus ikuti terus bahwa perjuangan untuk DIY masih banyak yang perlu dikembangkan,"" papar GKR Hemas.

Sementara itu Endang mengatakan, dengan ditetapkannya GKR Hemas menjadi Ketum LKKS'BK3S' semoga ke depannya pelayanan lembaga ini semakin membaik lagi. ""Diakui memang tidak mudah mengkoordinir lintas di provinsi dan lintas Kota/kabupaten, karena harus memberikan masukkan kepada Gubernur terkait dengan permasalahan sosial yang ada di DIY. Ini 'PR' bagi BK3S sangat besar, karena itu dituntut pula bisa menyelesaikan persoalan yang ada,"" ungkap Endang. (Rar)";https://www.krjogja.com/berita-lokal/read/507818/musda-lkks-bk3s-diy-pilih-gkr-hemas-ketum-periode-2023-2028;04/06/2023;Hemas;Agusigit;;Yogya;Kedaulatan Rakyat
Fadil Imran Lantik Pengda PBSI DIY;"Kepengurusan Pengda PBSI DIY masa bakti 2022-2026 hasil musyawarah daerah (Musda) Oktober 2022 lalu akhirnya secara resmi dilantik Sekjen PP PBSI M Fadil Imran. Pengukuhan PBSI DIY yang diketuai KPH H Yudanegara PhD berlangsung di Gedhong Pracimasana, Kompleks Kepatihan, Yogya, Minggu (4/6/2023).

Dihadiri Gubernur DIY Sri Sultan HB X, Sekda DIY Benny Suharsono, Ketum KONI DIY Prof Dr Djoko Pekik Irianto MKes AIFO, jajaran Pengurus PBSI DIY yang dilantik, pengurus Pengkot/Pengkab PBSI se DIY, Kepala BPO DIY, perwakilan Polda DIY, Kepala Dinas Dikpora DIY, perwakilan PBSI se Jawa (Jateng, Jabar, Jatim, DKI Jakarta), jajaran Pengurus PBSI Pusat, dan pejabat terkait lainnya.

Pelantikan ditandai penandatangan berita acara pelantikan dan penyerahan bendera dari Sekjen PP PBSI kepada Ketum Pengda PBSI DIY KPH Yudanegara.

Dimeriahkan tarian pembuka tari tayub gaul. Seusai pelantikan sebagian pengurus PBSI DIY yang dilantik melakukan kirab wisata bersama Pengurus PP PBSI dengan naik andong ke Kraton.

""Saya mengucapkan terima kasih kepada jajaran Pengurus PBSI DIY yang telah memberikan kepercayaan kepada saya untuk melanjutkan estafet program organisasi,sekaligus guna menggelorakan pembinaan bulutangkis di DIY. Saya selalu kagum dengan bakat-bakat atlet bulutangkis junior yang ada di kampung-kampung dan keluarahan yang di DIY dan tidak kalah dengan provinsi lain. Saya mencontohkan atlet dari DIY Lisa Ayu berhasil meraih medali emas SEA Games lewat ganda campuran bersama Rehan,"" ujar KPH Yudanegara.

Untuk itu lanjut Kanjeng Yuda, sudah menjadi kewajiban bagi Pengda PBSI DIY dan Pengkab/Pengkot PBSI se DIY untuk mengarahkan dan membina atlet bulutangkis DIY lewat kompetisi.

""Sebab dengan kompetisi atlet bulutangkis DIY akan mendapatkan skill, mental dan pengalaman bertanding baik menang ataupun kalah. Dan selanjutnya akan menjadi bahan evaluasi bagi kita,"" imbuhnya.

Setelah dilantik ini Pengurus PBSI DIY telah ditunggu dengan banyaknya event-event bulutangkis yang bakal diikuti atlet-atlet DIY di antaranya Kejuaran bulutangkis Piala GKR Hemas yang sudah berlangsung, lalu menyusul kejuaraan bulutangkis Kapolda Cup, Kejurda bulutangkis se DIY, Turnamen bulutangkis Piala Raja, pra PON Wilayah III yang diikuti tuan rumah DIY, Banten, Bali dan Jateng dan kejuaraan bulutangkis Asia Junior.

Sementara itu, Sri Sultan HB X mengatakan, pihaknya mengingatkan kepada Pengurus PBSI DIY, bahwa komitmen-komitmen yang selama ini kita pegang , bahwa Pemda bersama KONI Provinsi, maupun KONI Kota dan KONI kabupaten, di mana Pengda-Pengda ini menjadi anggotanya.

""Kami punya kesepakatan dengan Pengurus KONI, bagaimana kita melakukan pembinaan terhadap atlet-atlet olahraga yang ada di Yogyakarta untuk bisa berprestasi dalam rangka membackup negara (pemerintah) dalam percaturan olahraga di tingkat dunia,"" papar Sultan HB X. (Rar)";https://www.krjogja.com/berita-lokal/read/507872/fadil-imran-lantik-pengda-pbsi-diy;04/06/2023;KPH Yudanegara, PBSI DIY, Fadil IMran, Kepengurusan Pengda PBSI DIY;Ary B Prass;;DIY;Kedaulatan Rakyat
Jaya Raya Satria Mendominasi Bulutangkis Piala GKR Hemas 2023;"Tim Jaya Raya Satria (JRS) Sleman sukses mendominasi gelar juara dalam Kejuaraan bulutangkis Antarklub PBSI se DIY memperebutkan Piala GKR Hemas 2023. Dalam laga final yang digelar di GOR Pangukan, Tridadi Sleman, Sabtu (3/6), klub JRS yang dilatih mantan pemain ganda putri nasional Finarsih dan kawan-kawan sukses merebut 10,5 gelar dari 15 partai kelompok umur yang dipertandingan dari usia dini hingga dewasa.

Setengah gelar lagi diraih JRS dari kelompok ganda taruna putri saat pemainnya Yekti Titah Siheng Gusti berpasangan dengan Rabi'ah Al-Adawiyah asal klub Elang Yogya.

Sementara itu, tiga klub lainnya yaitu Bintang Mataram Yogya, Istimewa Badminton Club (IBC) Yogya dan Pancing Sembada hanya ke bagian masing-masing satu gelar.

Dari 10,5 gelar juara yang direbut JRS, dua gelar di antaranya merupakan juara tunggal dewasa putra dan dewasa putri. Juara tunggal dewasa putra direbut unggulan 1 Rizky Febriansyah, setelah dalam laga final mengalahkan rekan satu klubnya Aufa Isnanta Nurrafif Darwanto (unggulan 2) melalui drama laga tiga game dengan skor 21-11, 18-21, 21-4.

Sedangkan juara tunggal dewasa putri juga direbut pemain JRS Dhea Bunga Anjani, usai di partai puncak menang atas Fara Arumeinda Putri (Persada Kulonprogo) dua game langsung 21-6, 21-11.

Kejuaraan Antarklub bulutangkis se DIY yang berlangsung selama enam hari, sejak Senin (29/5) hingga Sabtu 3/6) tersebut ditutup GKR Hemas. Dihadiri Ketum KONI DIY Prof Dr H Djoko Pekik Irianto MKes AIFO, Ketum PBSI DIY KPH H Yudanegara PhD, Pengurus PP PBSI, Kapolda DIY Irjen Pol Suwondo Nainggolan, Sekda Kabupaten Sleman Hardo Kiswoyo, Kasi Olahraga BPO DIY Danang Agus Yuniarto MOr, Sekum PBSI DIY Sukiman, Ketua panitia Finarsih, jajaran Pengurus PBSI DIY dan Pengurus Pengkot/Pengkab PBSI se DIY, pihak sponsor dan tamu undangan dari dinas terkait.

Djoko Pekik atas nama KONI DIY mengucapkan terima kasih kepada GKR Hemas, yang telah memberi kesempatan bagi atlet bulutangkis DIY bertanding guna mengikuti kejuaraan antarklub memperebut Piala GKR Hemas ini. ""Selamat bagi atlet yang menjadi juara, dan yang belum juara teruslah berlatih. Terima kasih kepada orangtua atlet, yang telah mengantarkan dan mendampingi anak-anaknya bertanding tampil dalam kejuaraan ini,"" ujar Djoko Pekik.

Sementara GKR Hemas mengatakan, pihaknya mohon maaf tidak bisa datang saat acara pembukaan. ""Namun yang jelas saya merasa bangga bahwa bulutangkis di DIY mulai bangkit lagi, sehingga nantinya diharapkan atlet bulutangkis dari DIY bisa terjun di tingkat nasional. Tentunya saya mengucapkan terima kasih kepada sponsor dan orangtua. Adik-adikku dan cucu-cucuku tetap semangat ya... Saya ingin bulutangkis dan mendorong seluruh cabor yang lain terus bangkit dan bisa menjadi yang terbaik di seluruh Indonesia,"" harap GKR Hemas. (Rar)";https://www.krjogja.com/berita-lokal/read/507817/jaya-raya-satria-mendominasi-bulutangkis-piala-gkr-hemas-2023;04/06/2023;Hemas, Bulutangkis;"
Agusigit";;Sleman;Kedaulatan Rakyat
Bulutangkis Piala GKR Hemas Tandingkan Semua Kelompok Umur;"Pebulutangkis tunggal remaja putri non unggulan Zahratus Syita Qotrunnadia asal PB Pancing Sembada Sleman saling bertemu dengan lawan satu klubnya Aulia Rahmadhani Putri dalam babak final Kejuaraan bulutangkis Antarklub PBSI se DIY ' Piala GKR Hemas 2023'. Duel final sesama pemain satu klub tersebut akan digelar di GOR Pangukan, Tridadi, Sleman, Sabtu (3/6).

Baik Zahratus maupun Aulia berhasil melangkah ke final, setelah di babak semifinal yang dimainkan di tempat yang sama, Kamis (1/6) sore berjaya menundukkan lawan-lawannya. Zahratus Syita di semifinal sukses menyisihkan unggulan 1 Kaylla Kesya Bunga Pramara (Pratama Yogya) dua game langsung 21-19, 21-15. Sedangkan Aulia di semifinal berhasil menghentikan laju Arifa Naila Darmawan (Istimewa Badminton Club) 21-14, 21-15.

Sementara itu, di kelompok tunggal remaja putra yang melibatkan 32 pemain juga telah memasuki babak final. Dua pemain unggulan yaitu Unggulan 1 Gusti Firmansyah (Jaya Raya Satria Sleman) dan unggulan 2 Fabian Rizqy Nugraha (Pancing Sembada Sleman) saling bertarung final guna memperebutkan gelar juara di kelompok tunggal remaja putra. Gusti Firmansyah di semifinal menang atas Muhammad Sangkan Hafasa ( PB Waroeng BA) 21-10, 21-16. Sedangkan Fabian Rizqy di semifinal mengalahkan Ariandika Saifal Lintang Aji (PB Waroeng BA) 21-17, 21-15.

Sedangkan di kelompok tunggal usia dini putri, Vanezya Artha Nafasta yang ditempat sebagai unggulan 4 asal Istimewa Badminton Club (IBC) juga sukses melenggang ke final, usai di semifinal berhasil menaklukkan Claudia Angelina Putri (Pancing Sembada) melalui laga tiga game dengan skor 19-21, 21-16, 21-9. Di laga final yang juga dimainkan pagi ini, Vanezya Artha akan menghadapi lawan satu klub yang merupakan unggulan 1 Zora Risqi Prasetyo. Zora di semifinal menang atas unggulan 3 Anindya Putri Herlambang (Pancing Sembada) 21-15, 13-21, 21-12.

Begitu pula di tunggal usia dini putra, dua pemain yang merupakan unggulan 4 Nickneil Manuel Wibawa (Istimewa Badminton Club) dan unggulan 3 Alfi Farizy (Jaya Raya Satria) juga sama-sama berjaya menyegel tiket final dan saling bertarung di partai puncak, setelah di semifinal menang atas rival-rival mereka.

Panitia pertandingan Darmono dan Vierman Suryanto mengatakan, Sabtu (3/6) kejuaraan bulutangkis memperebutkan Piala GKR Hemas 2023 untuk pertama kalinya digelar berakhir dengan mempertandingkan babak final semua kelompok umur (KU) dari usia dini hingga dewasa. (Rar)";https://www.krjogja.com/olahraga/read/507676/bulutangkis-piala-gkr-hemas-tandingkan-semua-kelompok-umur;02/06/2023;GKR Hemas, Badminton, badminton;Tomi Sujatmiko;;Sleman;Kedaulatan Rakyat
GKR Hemas Kembali Mendaftar Sebagai Anggota DPD RI;"Anggota Dewan Perwakilan Daerah (DPD) RI sekaligus Permaisuri Kraton Yogyakarta, GKR Hemas kembali mendaftar sebagai Calon Anggota DPD RI untuk periode 2024-2029. Ketika mendaftar ke KPU DIY, Senin (08/05/2023), GKR Hemas didampingi oleh tim pendukungnya yaitu Gatot Saptadi, Faraz Umaya, dan Syahbenol Hasibuan.

Menurut Hemas, pencalonan kembali dirinya sebagai Anggota DPD RI ini untuk memenuhi desakan dari sebagian besar masyarakat bawah di Yogyakarta, yang selalu ditemuinya semasa kegiatan reses. Pengalamannya selama di DPD RI dan juga sebagai politisi perempuan memang menuntut dia untuk selalu turun ke bawah.

Selama 4 tahun terakhir, lebih dari 150 kalurahan di DIY yang didatanginya secara langsung untuk bertemu lurah dan masyarakat. Banyak masukan yang dia terima, termasuk permohonan agar kembali menjadi wakil rakyat dan wakil daerah. Desakan ini sudah muncul sejak 2 tahun terakhir.

""Semua persyaratan mendaftar sebagai bakal calon anggota DPD RI pada Pemilu 2024 sudah diterima dan diperiksa oleh Komisioner KPU DIY dan tidak ada masalah, Alhamdulillah. Saya akan maju lagi sebagai Calon Anggota DPD RI pada Pemilu 2024,"" kata Hemas kepada wartawan usai pendaftaran.

Hemas menyampaikan bahwa banyak Undang-Undang (UU) yang telah berhasil diselesaikan dalam menjalankan tugasnya di Jakarta, termasuk Undang-Undang tentang Tindak Pidana Kekerasan Seksual (UU TPKS). Dia juga selalu berkoordinasi dengan Pemerintah Daerah DIY agar berbagai UU dan regulasi di tingkat pusat tidak sampai merugikan rakyat Yogyakarta.

""Dengan melihat secara langsung keadaan masyarakat di sudut-sudut dan seluruh penjuru Daerah Istimewa Yogyakarta, tugas saya masih banyak yang harus saya perjuangan sebagai Anggota DPD RI untuk kemajuan dan kesejahteraan masyaratat DIY,"" ujarnya.

Ketua KPU DIY Hamdan Kurniawan mengatakan, tahapan pengajuan bakal calon anggota DPRD DIY dan pendaftaran bakal calon anggota DPD RI berlangsung 1-14 Mei 2023. ""Calon atas nama GKR Hemas, persyaratan pendaftaran pencalonannya sudah memenuhi syarat. Terkait lolos tidaknya untuk semua calon baik itu partai politik maupun DPD, kami harus melakukan verifikasi administrasi yang akan kami lakukan mulai tanggal 15 Mei 2023,"" katanya. (Dev)";https://www.krjogja.com/berita-lokal/read/504293/gkr-hemas-kembali-mendaftar-sebagai-anggota-dpd-ri;08/05/2023;Yogya, Sultan, GKR Hemas, DPD RI, DPD, yogya;Ivan Aditya;;Yogya;Kedaulatan Rakyat
Pastikan Stok dan Harga Pangan, GKR Hemas Datangi Pasar Beringharjo;"Mendekati Hari Lebaran, ketersediaan pangan semakin menjadi perhatian masyarakat. Melihat hal tersebut, GKR Hemas, anggota Dewan Perwakilan Daerah RI yang juga Permaisuri Kraton Yogyakarta mendatangi Pasar Beringharjo yang menjadi tolok ukur perdagangan di Daerah Istimewa Yogyakarta, Selasa (18/4/2023).

Didampingi beberapa orang tim pendukung, GKR Hemas memastikan bahwa bahan pangan, atau sembako, tersedia dengan sangat cukup di Pasar Beringharjo. Ini sekaligus melihat kinerja dari Dinas Perindag, Dinas Pertanian dan Ketahanan Pangan Daerah Istimewa Yogyakarta yang selalu mendapat predikat baik. ""Pemerintah harus bisa menjamin ketersediaan sembako dengan menjaga produksi dan distribusinya. Jaminan tentang harga bahan pokok yang terjangkau juga menjadi tugas pemerintah. Saya sebagai wakil rakyat dan wakil daerah bertugas untuk mengawasi, dan memastikan agar rakyat Yogya terjamin semua kebutuhannya,"" kata Hemas.

Hal ini juga untuk mengingatkan kembali bahwa Yogyakarta adalah kota pelajar yang membawa ketenangan hati. Hemas menegaskan bahwa semua bagian masyarakat harus mendapatkan kemudahan dalam porsinya masing-masing. Pedagang pasar juga berhak mendapatkan THR, dan itu hanya bisa didapatkan bila ada keuntungan yang cukup dari proses jual beli itu sendiri. ""Petani padi, petani sayur, peternak ayam, pengusaha telur, semuanya harus mendapatkan keuntungan, sehingga bisa mendapatkan kebahagiaan pada masa lebaran nanti,"" ujarnya.

Hemas mengajarkan bahwa yang harus dijaga adalah masuknya barang impor yang terlalu banyak, menjadikan petani lokal tidak mendapatkan keuntungan. Untuk pedagang, jangan pula mengambil kesempatan dalam kesempitan dengan menaikkan harga setinggi-tingginya pada masa puasa dan lebaran ini.

Kenaikan harga harus dalam tingkat yang wajar dan terjangkau masyarakat umum. selain itu jangan ada pihak-pihak yang menimbun bahan pokok, dengan tujuan mendapatkan keuntungan nanti. ""Penimbunan akan merusak rantai pasokan atau distribusi pangan, sehingga akan merugikan masyarakat dan pemerintah secara keseluruhan,"" pungkasnya. (Dev)";https://www.krjogja.com/berita-lokal/read/502316/pastikan-stok-dan-harga-pangan-gkr-hemas-datangi-pasar-beringharjo;19/04/2023;Sembako, Stok Pangan, GKR Hemas, Harga Pangan, harga pangan, sembako, stok pangan, Pasar Beringharjo;Tomi Sujatmiko;;Yogya;Kedaulatan Rakyat
Sosialisasi Pancasila, GKR Hemas: Perempuan Cerdas, Perempuan Pancasila;"Kecerdasan Perempuan adalah faktor utama dalam usaha meningkatkan pemahaman dan penerapan Pancasila. Perempuanlah yang mengajarkan sikap dasar dari semua manusia, dan dengan kecerdasan alami yang dimiliki, maka tidak sulit bagi perempuan untuk menularkan pemahaman Pancasila kepada orang lain.

Demikian dikemukakan oleh Anggota MPR RI GKR Hemas dalam kegiatan Sosialisasi Pancasila di Pendopo Wiyoto Projo, Daerah Istimewa Yogyakarta, Senin (17/4/2023). Kegiatan dalam bentuk diskusi akselerasi tersebut diikuti tak kurang 200 peserta.

Menurut Hemas, perempuan adalah aktor utama dalam pembentukan karakter anak, termasuk dalam kesadaran beragama. Seorang Ibu akan menentukan apakah nanti anaknya akan menjadi toleran atau radikal. Ibu juga yang mengajarkan tentang adanya kesamaan posisi semua manusia.

Dalam sesi tanya jawab, muncul usulan tentang perubahan undang-undang tentang peran perempuan dalam berbagai aspek kehidupan bangsa. Pertanyaan juga muncul mengenai peran perempuan terhadap beberapa peristiwa hukum yang berdampak besar bagi keadaan negara belakangan ini.Menjawab hal tersebut, Hemas mengatakan bahwa sudah cukup banyak undang-undang yang berhasil disahkan terkait dengan perlindungan perempuan, termasuk Undang-Undang TPKS. Semuanya dilakukan dengan perjuangan yang berdarah-darah.

Selanjutnya melihat peran perempuan dalam peristiwa hukum belakangan ini, Hemas berpendapat bahwa itu harus menjadi contoh. Perempuan tidak boleh hanya menjadi pelaku pasif dalam bidang pekerjaan dan kreativitas. Perempuan harus selalu aktif dalam pekerjaan dan berbagai kegiatan sehingga akan menjadi perempuan yang berkarakter dan menghasilkan banyak prestasi yang bisa dibanggakan. (Dev)";https://www.krjogja.com/berita-lokal/read/502019/sosialisasi-pancasila-gkr-hemas-perempuan-cerdas-perempuan-pancasila;17/04/2023;GKR Hemas;Agusigit;;Yogya;Kedaulatan Rakyat
Sultan Masuki Usia 77 Tahun, Kraton Unggah Foto Masa Muda bersama GKR Hemas;"2 April 2023, Gubernur DIY yang juga Raja Kraton Yogyakarta, Sri Sultan HB X merayakan Hari Ulang Tahun ke-77. Kraton Yogyakarta pun mengunggah foto-foto nostalgia Sultan saat muda, bersama GKR Hemas.

Sosial media Kraton Yogyakarta, Minggu (2/4/2023) pagi mengunggah foto saat Sultan berada di Roma, Italia pada tahun 1979 silam. Dalam dua foto, Sultan tampak mengenakan pakaian berbeda yakni casual berpoloshirt serta mengenakan batik formal.

Pada foto pertama, Sultan bersama GKR Hemas tampak berpose memasukkan tangan bersama di salah satu karya seni. Pada foto kedua, Sultan bersama Hemas tampak duduk berdua dan tengah membaca. Keduanya mengenakan pakaian formal batik.Unggahan tersebut mendapat perhatian warganet yang kemudian turut menyampaikan ucapan selamat. Salah satunya dari arief_krieb yang menyampaikan 'Rahajeng wanti warsa mugi angayubagia anugrah Sang Hyang Widhi Wasa rahayu.'

Akun ki_pawukir_edhy juga menyampaikan harapan senada dalam unggahan itu. 'Ngaturaken wilujeng ambal warsa Ingkang Sinuwun Ngarsa Dalem Sri Sultan HB X.'

Sri Sultan HB X sendiri lahir tepat 2 April 1946 dengan nama Bendara Raden Mas Herjuno Darpito. Ia lahir dari ayahanda Sri Sultan HB IX dan ibunda KRAy Widyaningrum. (Fxh)";https://www.krjogja.com/berita-lokal/read/499916/sultan-masuki-usia-77-tahun-kraton-unggah-foto-masa-muda-bersama-gkr-hemas;02/04/2023;Ulang Tahun, Yogyakarta, Sultan, Kraton Yogyakarta, GKR Hemas, Sri Sultan Hamengku Buwono X, ulang tahun;Primaswolo Sudjono;;Yogya;Kedaulatan Rakyat
GKR Hemas ajak Perempuan Muslim Aplikasikan Pancasila;"Anggota DPD RI/MPR RI sekaligus Permaisuri Kraton Yogyakarta, Gusti Kanjeng Ratu Hemas menyuarakan tentang perlunya kesatuan gerak perempuan dan keterlibatan dalam agama untuk mengaplikasikan Pancasila secara tuntas dalam kehidupan masyarakat Indonesia.
Menurut Hemas, perempuan harus terus diperkuat posisinya dalam kehidupan berpolitik dan bermasyarakat, karena secara kultural, meskipun sering dipinggirkan, perempuan justru sangat menentukan arah pembangunan, politik, dan kehidupan berbangsa dan bernegara.
Hal tersebut disampaikan GKR Hemas dalam acara Sosialisasi Pancasila bertema 'Perempuan, Agama dan Peradaban' di Ndalem Mangkubumen, Kelurahan Kadipaten Yogyakarta, Kamis (30/3/2023). Acara sosialisasi diikuti lebih dari 200 orang yang kebanyakan adalah perempuan. Mereka berasal dari berbagai organisasi massa utama yang ada di Yogyakarta.
Sebagai pembicara lain, Profesor Siti Chamamah, dan Profesor Machasin. Hadir pula Rektor Universitas Widya Mataram Profesor Edy Suandi Hamid yang juga merupakan Mantan Rektor Universitas Islam Indonesia ikut memberikan masukan.Hemas dalam sambutannya menekankan perlunya penguatan persatuan dan kesatuan bangsa. Belajar dari berbagai konflik di Timur Tengah, politisasi agama sangat mempengaruhi kedamaian masyarakat secara keseluruhan. Konflik hanya akan menimbulkan kesengsaraan, dan korban utamanya adalah kaum perempuan.
""Perempuan harus menjadi agen perubahan dan membawa kedamaian bagi bangsa Indonesia. Peran perempuan dalam agama harus diperkuat, sehingga tidak lagi muncul ekstremisme dan radikalisme di Indonesia,"" katanya.
Acara diskusi dilanjutkan dengan penuturan Profesor Siti Chamamah tentang perbaikan pola pikir dari ulama dan pemimpin bangsa. Dilanjutkan penjelasan dari Profesor Machasin tentang perempuan dalam masyarakat Islam yang berkemajuan. (Dev)";https://www.krjogja.com/berita-lokal/read/499616/gkr-hemas-ajak-perempuan-muslim-aplikasikan-pancasila;30/04/2023;GKR Hemas;Agusigit;;Yogya;Kedaulatan Rakyat
Hari HKG PKK ke-51 Gunungkidul, GKR Hemas: Gemar Makan Ikan Turunkan Stunting;"Ketua TP PKK Propinsi  DIY Gusti Kanjeng Ratu (GKR) Hemas menyatakan bahwa edukasi masyarakat untuk mencegah terjadinya stunting perlu terus digalakkan.
Berbagai inovasi kegiatan yang dilakukan TP PKK Kabupaten Gunungkidul perlu terus didukung, yakni  puncak kegiatan Hari Kesatuan Gerak (HKG) ke-51  ditandai lomba memasak dan gemar makan ikan.
""Gemar makan  ikan untuk menurunkan stunting perlu terus dilakukab,"" katanya pada peringatan HKG PKK Ke 51 di Taman Budaya Gunungkudul Rabu (15/03/2023).
Kedatangan GKR Hemas di Gunungkidul juga  didampingi  Wakil Ketua TP PKK DIY, Gusti Kanjeng Bendara Raden Ayu Adipati (GKBRAA) Paku Alam X.Diterima Ketua TP PKK Kabupaten Gunungkidul DIAH Purwanti Sunaryanta, dihadiri Ketua DPRD Gunungkidul Endah Subekti Kuntariningsih SE, Sekda Gunungkidul Sri Suhartanta dan para Kepala OPD  di Gungkidul.
Menurut GKR Hemas  edukasi gemar makan ikan  sangat berkaitan dengan upaya menurunkan stunting. Apalagi budaya makan ikan di DIY masih rendah. Saat ini warga DIY belum semuanya terbiasa makan ikan dan hal ini perlu digalakkan.
Tim Penggersk  PKK harus  bisa menjadi tonggak penggerak untuk pencegahan stunting.  GKR Hemas jugamemuji berbagai produk hasil kreasi para kader PKK Gunungkidul yang  memiliki nilai jual.
""Kami berharap hal positif ini  bermanfaat  dan mampu mengangkat nama Gunungkidul ke depan,""  imbuhnya.
Ketua TP PKK Gunungkidul, Diah Purwanti Sunaryanta mengatakan salah satu kegiatan yang dilakukan adalah lomba memasak ikan.
""Kegiatan ini dilakukan untuk mengedukasi   masyarakat agar mau makan ikan dan mencegah stunting,"" terangnya. (Bmp)";https://www.krjogja.com/berita-lokal/read/497411/hari-hkg-pkk-ke-51-gunungkidul-gkr-hemas-gemar-makan-ikan-turunkan-stunting;15/03/2023;GKR Hemas, Stunting, PKK Gunungkidul, GKBRAA Paku Alam X;Ary B Prass;;Wonosari;Kedaulatan Rakyat
Bahasa Jawa Saka Guru Penyesuaian Masyarakat Terhadap Perkembangan Iptek;"Bahasa Ibu merupakan bahasa pertama yang dipelajari oleh setiap individu sejak lahir. Untuk itu melestarikan bahasa ibu menjadi penting dalam mempertahankan identitas dan kekayaan budaya suatu bangsa.

Begitu pula halnya dengan bahasa Jawa. Dalam sejarahnya bahasa Jawa menjadi bahasa resmi pada masa kerajaan Majapahit.

Pada masa itu banyak karya sastra, naskah, dan dokumen penting yang ditulis dalam bahasa Jawa. Bahasa Jawa pada masa itu sudah mampu mengungkapkan konsep-konsep ilmiah, seperti tata surya dan astronomi.Saat ini seiring dengan perkembangan ilmu pengetahuan dan teknologi (Iptek), banyak kosa kata dan istilah bahasa Jawa yang sudah tidak sesuai. Hal ini dikarenakan banyak produk lokal kita yang telah menggunakan teknologi Barat lengkap dengan nama dan istilahnya. Dengan demikian bahasa Jawa menjadi keinggris-Inggrisan.

Untuk menanggapi hal itu, Balai Bahasa Provinsi DIY bekerja sama dengan Karaton Ngayogyakarta Hadiningrat menggelar Seminar Nasional Hari Bahasa Ibu Internasional dengan tema 'Bahasa Jawa sebagai Saka Guru Penyesuaian Masyarakat terhadap Perkembangan Ilmu Pengetahuan dan Teknologi dan Arus Budaya Lokal'.

Kegiatan seminar tersebut berlangsung di Karaton Kilen (kediaman Sri Sultan HB X), Yogya, Senin (13/03/2023). Menghadirkan dua nara sumber yaitu GKR Hemas (sekaligus membuka seminar).

Memaparkan materi, ' Bahasa Jawa dalam Perkembangan Iptek dan Produk Budaya Lokal'. Narasumber lainnya, Kepala Badan Pengembangan dan Pembinaan Bahasa E Aminudin Aziz. Ia mengusung materi, 'Upaya Pemerintah Pusat dalam Pelestarian dan Perlindungan Bahasa Daerah yang Selaras dengan Perkembangan Iptek'. Pemaparan materi kedua narasumber tersebut dimoderatori Kepala Balai Bahasa Provinsi DIY, Dwi Pratiwi.

""Saya bukan ahli bahasa, tapi saya memang pelaku bahasa aktif, apalagi dikaitan dengan bahasa Jawa. Jadi saya kira ada banyak ilmu pengetahuan yang harus saya bagikan untuk semua. Definisi mengenai Iftek bukan hanya mencakup ilmu robotika, komputer, pesawat luar angkasa atau fisika dan quantum. Iptek juga mencakup ilmu sosial, ilmu kebudayaan, llmu bahasa yang juga selalu berkembang,"" tutur GKR Hemas yang juga anggota DPD RI tersebut.

Menurut GKR Hemas, bahasa ibu dapat kita pahami dari kedua pendapat yaitu ada bahasa ibu dan bahasa suku atau etnis dari orang tua yang bersangkutan. Ada juga yang mengatakan bahasa yang digunakan sehari-hari di rumah pada masa perkembangan anak sampai dewasa, tanpa memandang etnis atau sukunya.

""Jadi bila ada mahasiswa etnis Tionghoa yang sejak kecil hingga dewasa sudah menggunakan bahasa Jawa. Maka dapat dikatakan bahasa Ibu dari mahasiswa itu adalah bahasa Jawa dan ini akan mempengaruhi ikatan etnis budaya dari individu yang bersangkutan,"" papar GKR Hemas.

Lebih lanjut dikatakan, apa yang sudah dikembangkan bahasa Jawa bagi pengembangan Iptek dan kebudayaan kita sangat banyak, untuk Diaspora dan hubungan luar negeri Indonesia.

""Indonesia memiliki 718 bahasa daerah, penutur bahasa Jawa mencapai 80 juta orang. Bahasa jawa tersebar di seluruh pulau Jawa terutama di wilayah tengah, timur dan bahasa Jawa juga tersebatr di Sumatera, Kalimantan dan daerah lainnya. Hal yang lebih penting lagi di luar negeri terdapat pula pinutur bahasa Jawa seperti di Suriname, Kalidonia Baru, Malaysia dan Singapura,"" pungkasnya. (Rar)";https://www.krjogja.com/berita-lokal/read/497151/bahasa-jawa-saka-guru-penyesuaian-masyarakat-terhadap-perkembangan-iptek;13/03/2023;Bahasa Jawa, GKR Hemas, Jawa, jawa;Ivan Aditya;;Yogya;Kedaulatan Rakyat
Bertemu GKR Hemas, Pemuda Pancasila DIY Diminta Bantu Jaga Keamanan Yogya;"Majelis Pimpinan Wilayah (MPW) Pemuda Pancasila DIY menggelar audiensi dan silaturahmi dengan Senator DIY, GKR Hemas di Keraton Kilen, Selasa (07/03/2023). Pemuda Pancasila pun diminta ikut serta menjaga keamanan dan ketentraman Yogya.

MPW Pemuda Pancasila DIY diwakili oleh Ketua Faried Jayen Soepardjan, Komandan KOTI Mahatidana Pemuda Pancasila DIY Yuni Astuti dan sejumlah pengurus serta ketua-ketua MPC Pemuda Pancasila DIY. Faried Jayen Soepardjan mengatakan bahwa acara tersebut merupakan bagian dari menyambung silaturahmi antara Pemuda Pancasila dengan GKR Hemas selaku Senator dari DIY.

Faried Jayen mengatakan ada sejumlah pembahasan dan masukan dari GKR Hemas tentang MPW Pemuda Pancasila DIY. Masukan tersebut di antaranya agar Pemuda Pancasila ikut terlibat aktif dalam menjaga keamanan dan ketentraman di DIY.""Salah satu yang dibahas adalah tentang masalah penanganan klitih. Tadi pesan Bu Ratu agar Pemuda Pancasila DIY ikut membantu petugas berwajib untuk menangani klitih. Walaupun sebenarnya ini sudah lama dilakukan oleh Pemuda Pancasila DIY,"" ungkap Faried Jayen pada wartawan usai pertemuan.

Faried Jayen mengatakan dalam diskusi bersama GKR Hemas ada satu kesamaan visi yaitu tentang klitih. Klitih ini, kata Faried Jayen, adalah kriminalitas jalanan yang bisa terjadi di mana saja, tidak hanya di Yogyakarta.

""Jadi jangan jadikan klitih sebagai trademart Yogyakarta. Ini harus kita berantas dan lawan bersama-sama. Selain itu tadi juga Bu Ratu menyampaikan agar kami di Pemuda Pancasila DIY ikut menjaga keamanan, terlebih lagi keamanan di DIY ditahun-tahun politik seperti saat ini,"" sambung Faried Jayen.

Indonesia kini memasuki tahun politik ysng harapannya tidak berdampak pada kondisi keamanan di DIY. Potensi-potensi kegaduhan di tahun politik, lanjut Faried Jayen sebisa mungkin diantisipasi.

Pemuda Pancasila DIY selalu siap untuk ikut menjaga keamanan ditahun politik bersama dengan pihak-pihak lainnya. Pemuda Pancasila DIY juga siap meredam sumber-sumber konflik agar tidak muncul situasi gaduh di DIY yang bisa berujung pada konflik maupun gangguan keamanan,"" tegas Faried Jayen.

Selain itu menurut Faried Jayen, GKR Hemas juga mengharapkan agar Pemuda Pancasila DIY melakukan kegiatan sosial yang aktif dan riil serta mengena di masyarakat. Hal tersebut agar masyarakat merasakan dampak positif adanya Pemuda Pancasila di tengah-tengah mereka.

""Tadi Bu Ratu minta agar Pemuda Pancasila DIY untuk melakukan aksi-aksi sosial yang nyata dan dirasakan dampaknya langsung oleh masyarakat. Aksi-aksi sosial ini sebenarnya juga sudah sering kami lakukan mungkin akan kami tingkatkan intensitasnya dan bersama-sama kolaborasi,"" pungkasnya. (Fxh)";https://www.krjogja.com/berita-lokal/read/496316/bertemu-gkr-hemas-pemuda-pancasila-diy-diminta-bantu-jaga-keamanan-yogya;07/03/2023;Pemuda Pancasila, Yogya, GKR Hemas, PP, Klitih, yogya, klitih;Ivan Aditya;;Yogya;Kedaulatan Rakyat
Dirayakan Seniman, Sawung Jabo Mengenang Saat Susah;"Masyarakat, terlebih seniman, yang tinggal di Yogyakarta pada era 70 hingga 80-an, mestinya mengenal sosok bernama populer Sawung Jabo.
Seniman musik yang menyebut diri preman ini cukup mewarnai dunia kesenian di Yogyakarta, bahkan kemudian nasional.
Pernah diajak bergabung di kelompok musik Kampungan, lalu Bengkel Teater pimpinan WS Rendra, dan membentuk kelompok Sirkus Barock yang abadi sampai sekarang.
""Sekarang jadi Sirkus Barokah,"" guraunya di Padepokan Seni Bagong Kussudiardja (PSBK) di Dusun Kembaran, Tamantirto, Kasihan, Bantul, Minggu (5/2/2023).
Selain Sirkus Barock, Jabo pernah bergabung dengan Kantata Takwa dan Swami yang menelurkan album kondang. Kantata Takwa bersama Setiawan Djody, Iwan Fals, Rendra, Donny Fattah, dan Innisisri. Swami bersama Iwan Fals, Naniel Yakin, Nanoe. Innisisri, Jockie Suryoprayogo.
Beberapa kenangan semasa muda disebutkannya pada acara yang memang untuknya itu. Butet Kartaredjasa mengundang 300-an seniman pada acara Merayakan Sawung Jabo.
""Mumpung Jabo ada di Yogya,"" tulis Butet.
Telah puluhan tahun Jabo tinggal di Australia, negeri asal Suzan, istrinya. Belum lama ini, seniman usia 72
tahun ini bersama kelompok musiknya tampil di Bandung dan Bogor.
Butet diajak untuk membacakan puisi, tapi tak bisa memenuhi harapan Jabo. Maka untuk mengobati, Butet menggelar acara tersebut dan membacakan puisi karya Rendra berjudul 'Sajak Seonggok Jagung'.
Ratusan seniman berbagai bidang hadir, dipersilakan berekspresi baik melukis, menari, menyanyi, membaca puisi, hingga pantomim.
Dari kalangan seniman yang hadir meramaikan acara siang hingga petang di antaranya pelukis Djoko Pekik, Kartika Affandi, sutradara-aktor Slamet Rahardjo, Eros Djarot, Sudjiwo Tedjo,  Inayah Wahid, penyanyi Trie Utami, Oppie Andaresta, Rieke Diah Pitaloka, Sruti Respati, hingga Ndarboy Genk.
Sementara tokoh di luar seniman ada  Menkopolhukam Mahfud MD, mantan Menteri Agama Lukman Hakim Saifudin, GKR Hemas.
Butet mengatakan, selain sudah bersahabat sejak lama, meski usia terpaut 11 tahun lebih muda,  memiliki nasib  yang sama dengan kesehatan. Butet yang pernah dihadiahi sakit cukup lama, kali ingin membagi energi positif bagi yang sedang dihadiahi sakit.
Jabo yang pernah merasakan susah selama di Yogya kembali mengenang saat-saat muda. Waktu itu Bengkel Teater era Ketanggungan pernah vakum lama dan tak menerima anggota baru.
Namun oleh Rendra, Jabo diperbolehkan bergabung, bahkan bisa menempati kamar untuk tinggal tanpa harus mengeluarkan biaya. Jabo yang mestinya membayar sewa kamar tak melewatkan kesempatan itu.  (Ewp)";https://www.krjogja.com/berita-lokal/read/492226/dirayakan-seniman-sawung-jabo-mengenang-saat-susah;06/02/2023;Seniman, sawung jabo, GKR Hemas, Mahfud MD, Butet Kertarajasa, Oppie Andaresta;Ary B Prass;;Bantul;Kedaulatan Rakyat
GKR Hemas Ajak Masyarakat ASEAN Ramaikan Travex ATF 2023;"Ajang akbar pariwisata ASEAN, ASEAN Tourism Forum (ATF) 2023 menandai momen awal masa Keketuaan ASEAN Indonesia akan segera digelar. Salah satu agenda utama adalah Travel Exchange atau Travex trade-only mart yang menampilkan kontingen produk dan layanan tujuan wisata dan perjalanan ASEAN terbesar di dunia, serta memfasilitasi penjualan, pembelian, dan promosi kawasan secara internasional di Jogja Expo Center (JEC) pada 2 hingga 5 Februari 2023.

Istri Gubernur DIY Sri Sultan Hamengku Buwono X, GKR Hemas mengajak masyarakat ASEAN untuk berkunjung ke DIY untuk menghadiri sekaligus meramaikan Travex di ATF 2023. Sejumlah program di Travex yang menjadi agenda penting bagi industri pariwisata dan masyarakat diantaranya sesi Business to Consumers (B2C) atau penjualan langsung dengan tiga agenda utama yaitu Pameran Pariwisata Indonesia, Festival Kuliner dan Pameran UMKM Ekonomi Kreatif.

“Salah satu kebanggan Yogyakarta adalah bukan saja destinasi pariwisatai favorit kalangan wisatawan nusantara (wisnus) dan wisatawan mancanegara (wisman), tetapi didukung keberagaman industri UMKM serta ekonomi kreatifnya. Belum lagi berbagai kekayaan ragam destinasi dan produk-produk UMKM maupun ekonomi kreatif dari berbagai penjuru Nusantara. Semua ini pantas ditampilkan di momen yang begitu berharga seperti ATF,” ungkapnya di Yogyakarta, Selasa (31/01/2023).GKR Hemas menjelaskan dalam pameran ini akan ditampilkan berbagai aktivitas promosi dan budaya diantaranya: Batik Demo, Pembuatan Wayang dari Kulit dan Sukhet (rumput), Melukis Caping hingga Tas Anyaman. Sekanjutnya pembuatan keramik dari Tanah Liat, Pameran kuliner Nusantara (Cooking Demo dan Food Tasting), serta pameran minuman dan makan tradisional yang eksotik dan lain-lain.

“Masyarakat bisa langsung datang ke JEC dan tidak dipungut biaya. Selain itu juga akan ada hadiah-hadiah menarik bagi pengunjung yang beruntung. Pemda DIY terus melakukan dan menyelesaikan berbagai persiapan akhir dan berkoordinasi dengan berbagai pihak untuk memastikan penyelenggaraan terbaik ATF 2023 berjalan lancar dan sukses dihadiri ribuan delegasi dan pengunjung,” terang Ketua Dekranasda DIY tersebut.

Sementara itu, Direktur Meeting, Incentive, Convention & Exhibition (MICE) Kemenparekraf Iyung Masruroh menyampaikan pameran dan festival tersebut akan dibuka resmi Istri Menparekraf, Nur Asia Sandiaga Uno bersama GKR Hemas. Pameran konsumen langsung ini membuka kesempatan bagi pelaku UMKM dan industri ekonomi kreatif untuk mempromosikan dan menjual produk-produk unggulan ke konsumen baik dari Indonesia maupun ke peserta ATF dan Travex yang datang lebih dari 30 negara.

“Ini adalah sebuah kesempatan emas yang sayang untuk dilewatkan. Travex membuka kesempatan bagi peserta terutama Pemda, industri pariwisata daerah untuk rebound atau meningkatkan kembali penjualan pasca pandemi Covid-19,” tandasnta.

Peserta Pameran Pariwisata Indonesia meliputi Pemda, desa wisata, DMC, DMO, Industri perjalanan dan pariwisata. Selain itu, jaringan hotel lokal dan nasional, akomodasi, platform penjualan, maskapai penerbangan, asosiasi pariwisata, portal transportasi daring dan lain-lain. (Ira)";https://www.krjogja.com/berita-lokal/read/491385/gkr-hemas-ajak-masyarakat-asean-ramaikan-travex-atf-2023;31/01/2023;GKR Hemas, ASEAN, Yogyakarta, Travex ATF 2023;Ivan Aditya;;Yogya;Kedaulatan Rakyat
GKR Hemas Ajak Masyarakat Ramaikan TRAVEX ATF 2023;"Ajang akbar pariwisata ASEAN, ATF (ASEAN TOURISM FORUM) 2023 yang menandai momen awal masa Keketuaan ASEAN Indonesia akan segera digelar. Salah satu agenda utama dalam ATF 2023 adalah Travel Exchange atau TRAVEX, trade-only mart yang menampilkan kontingen produk dan layanan tujuan wisata dan perjalanan ASEAN terbesar di dunia, serta memfasilitasi penjualan, pembelian, dan promosi kawasan secara internasional.

Sejumlah program di TRAVEX yang menjadi agenda penting bagi industri pariwisata dan masyarakat diantaranya adalah sesi B2C (Business to Consumers) atau penjualan langsung yang menggelar 3 agenda utama yaitu Pameran Pariwisata Indonesia, Festival Kuliner dan Pameran UMKM Ekonomi Kreatif.

Istri Gubernur DIY Sri Sultan Hamengkubuwono X sekaligus Permaisuri Kraton Ngayogyakarta Hasiningrat, Gusti Kanjeng Ratu (GKR) Hemas mengajak masyarakat ASEAN untuk berkunjung ke Yogyakarta untuk menghadiri sekaligus meramaikan TRAVEX di ATF 2023. Salah satu kebanggan kota Yogyakarta adalah bukan saja destinasi pariwisata yang menjadi destinasi favorit oleh banyak kalangan wisatawan Nusantara dan mancanegara, tetapi juga keberagaman industri UMKM serta ekonomi kreatifnya.

""Belum lagi berbagai kekayaan ragam destinasi dan produk-produk UKM dan ekonomi kreatif dari berbagai penjuru Nusantara. Semua ini pantas untuk ditampilkan di momen yang begitu berharga seperti saat ini. Ayo semua datang ke Yogyakarta, ramaikan dan hadirilah TRAVEX di Jogja Expo Center dari tanggal 2-5 Februari mendatang.”";https://www.krjogja.com/berita-lokal/read/490795/gkr-hemas-ajak-masyarakat-ramaikan-travex-atf-2023;26/01/2023;GKR Hemas, Asean Tourism Forum 2023, TRAVEX (Travel Exchange) ATF, ATF 2024;"
Tomi Sujatmiko";;Yogya;Kedaulatan Rakyat
Datangi KPU DIY, GKR Hemas Serahkan Berkas Pendaftaran Calon Anggota DPD RI;"Anggota DPD RI yang juga Permaisuri Kraton Yogyakarta, GKR Hemas kembali mendaftar sebagai Calon Anggota DPD RI untuk periode 2024-2029. Hemas mendatangi Kantor Komisi Pemilihan Umum (KPU) DIY untuk menyerahkan berkas pendaftaran pada Senin (8/5/2023).

GKR Hemas mengatakan ia kembali mendaftar sebagai calon anggota DPD RI untuk daerah pemilihan (Dapil) DIY untuk memenuhi desakan dari sebagian besar masyarakat bawah yang selalu ditemuinya semasa kegiatan reses.""Ya masih banyak yang harus terus diperjuangkan untuk masyarakat di DIY. Itu sudah saya lakukan sejak pertama menjadi anggota DPD RI di mana saya ikut memperjuangkan pengesahan UU Keistimewaan DIY,"" katanya.

GKR Hemas mengaku melihat secara langsung keadaan masyarakat di sudut-sudut dan seluruh penjuru DIY. Ia pun meyakini tugas yang diemban kepadanya masih banyak. ""Masih ada jalan yang rusak di sudut Kulonprogo, masih ada bantuan kepada petani yang dibutuhkan di Bantul, masih ada desa yang miskin di sudut utara Sleman, dan masih ada Rumah Tidak Layak Huni (RTLH) di Semanu, Gunungkidul,"" katanya.

Masyarakat Yogyakarta juga masih membutuhkan peningkatan pelestarian kebudayaan, pariwisata, pemantapan peran perempuan, dan penguatan ekonomi rakyat kecil. Selain itu, GKR Hemas juga akan berupaya meningkatkan peran Generasi Milenial dan Generasi Z dalam pembangunan dan peningkatan perekonomian Jogja.

“Anak-anak sekarang terlalu banyak tergantung pada gadget, dan media sosial, sehingga sering lupa bahwa peran mereka juga sangat dibutuhkan dalam pembangunan, peningkatan partisipasi kebudayaan, dan percepatan literasi digital bagi masyarakat umum,"" ujarnya.

Menurut Hemas, pengalamannya selama di DPD RI dan juga sebagai politisi perempuan memang menuntut dia untuk selalu turun ke bawah. Selama 4 tahun terakhir, lebih dari 150 Kalurahan di DIY yang didatangi secara langsung, untuk bertemu lurah dan masyarakat. Banyak masukan yang dia terima, termasuk permohonan agar kembali menjadi wakil rakyat dan wakil daerah.

Semangat GKR Hemas dalam menjalankan tugasnya, termasuk selama masa pandemi rupanya sangat dihargai oleh masyarakat. Keberhasilan program vaksinasi, bantuan sosial, dan pemberian dana desa, tidak pernah kurang dari peran yang besar Ratu Kraton Yogyakarta.

Hemas menyampaikan bahwa banyak juga Undang-Undang yang telah berhasil diselesaikan dalam menjalankan tugasnya di Jakarta, termasuk Undang-Undang tentang Tindak Pidana Kekerasan Seksual (UU TPKS). Perjuangannya tidak sedikit dalam meloloskan undang-undang ini, karena di Jakarta sana banyak sekali intrik politik. Dia juga selalu berkoordinasi dengan Pemerintah Daerah agar berbagai Undang-Undang dan regulasi di tingkat pusat tidak sampai merugikan rakyat Jogja.

BACA JUGA: GKR Hemas: Perempuan Jogja, Cerdas dan Berkarakter Pancasila

Hemas melihat bahwa banyak kekuatan politik dari luar yang ingin sekali melihat agar Jogja menjadi tidak aman dan tenteram. “Jogja sering diobok-obok. Dari masalah kenakalan remaja dan kriminalitas jalanan, sampai labelling Jogja miskin. Semuanya tentu jauh dari fakta. Demikian juga dengan angka kemiskinan, seharusnya direvisi lagi dengan memperhatikan Indeks Pembangunan Manusia. Bila perlu ditambah lagi dengan Indeks Pemberdayaan Gender,"" katanya.

Ketika mendaftar ke KPUD DIY, GKR Hemas didampingi oleh Tim Pendukungnya yaitu Bapak Gatot Saptadi, Faraz Umaya, dan Syahbenol Hasibuan. Mereka menjelaskan GKR Hemas memiliki semangatnya masih tinggi dalam menjalankan tugas, dan kesehatannya juga masih prima. Jadi sangat wajar jika seluruh masyarakat DIY mendukung GKR Hemas dalam Pemilu DPD RI tahun 2024 nanti.

""Tentu [pencalonan Hemas] sudah mendapatkan Restu dari Ngarsa Dalem, Sultan Hamengku Buwono X. Tentunya sebagai istri, sebagai bagian dari Kraton, dan sebagai bagian dari rakyat Jogja, restu ini sangat dibutuhkan,"" kata Gatot.";https://jogjapolitan.harianjogja.com/read/2023/05/08/510/1134527/datangi-kpu-diy-gkr-hemas-serahkan-berkas-pendaftaran-calon-anggota-dpd-ri;08/05/2023;GKR Hemas;Abdul Hamied Razak;Abdul Hamied Razak;Yogya;Harian Jogja
GKR Hemas Ingin Masyarakat Setop Pakai Istilah Klitih;Gusti Kanjeng Ratu (GKR) Hemas mengungkapkan kegelisahannya dengan istilah klitih untuk menyebut kejahatan jalanan yang dilakukan oleh remaja atau kenakalan remaja. Sehingga ia meminta masyarakat untuk tidak ikut memfamilierkan kata klitih. “Saya ingin sekali Jogja bukan menjadi kota yang selalu selalu diobok-obok. Satu contoh bocah atau anak-anak kerengan punya nama, punya trend mark klitih,” ungkapnya dalam acara Sapa Aruh GKR Hemas dengan Masyarakat Kalurahan Sidomulyo di Balai Kalurahan Sidomulyo, Kapanewon Bambanglipuro, Kabupaten Bantul, Jumat (5/5/2023).Hemas mengatakan kenakalan remaja ada di sejumlah kota dan provinsi di Indonesia, bahkan ia menyebut mungkin kenakalan remaja di luar Jogja, bisa lebih sadis tetapi tidak ada istilah untuk menyebut mereka seperti klitih. Mereka semua mengatakan bahwa itu adalah kasus kenakalan remaja. BACA JUGA: Cek Harga Sembako, Ini Yang Ditemukan GKR Hemas di Pasar Beringharjo Karena itu ia mengajak kepada semua warga DIY untuk tidak ikut-ikutan menggunakan istilah klithih, tapi sebutlah dengan istilah kenakalan remaja. “Itu kami sampaikan bahwa sama di Jakarta, Bandung, Surabaya, Makassar, sama, mereka mengatakan kenakalan anak remaja di jalan,” paparnya. Menurutnya, istilah klitih sengaja difamilierkan untuk menyebut kenakalan remaja di DIY agar masyarakat DIY tidak nyaman. Karena itu permaisuri Raja Kraton Ngayogyakarta Hadiningrat Sri Sultan HB X ini meminta masyarakat DIY tidak ikut-ikutan menggunakan istilah klitih. “Kata klitih ini jadi trend mark untuk Jogja. Kami ini selalu dibuat untuk tidak nyaman,” ujarnya. Padahal kata klitih, menurutnya yang positif yang biasanya digunakan oleh bapak-bapak. “Kata klitih sendiri yang biasa dipakai bapak-bapak nek bengi klithihan. Maksudnya klitihan tuku gudeg tuku bakmi niku klitihan mergo ngelih,” tandasnya. Selain menyinggung soal kenakalan remaja di jalan, GKR Hemas juga meminta warga DIY untuk tetap menjaga persatuan dan kesatuan di tahun politik ini. Jangan hanya karena perbedaan pilihan perbedaan pemaaman menyebabkan masyarakat pecah belah. Ia meminta Jogja harus tetap damai dan nyaman karena Jogja menjadi perhatian dan percontohan sejumlah provinsi di Indonesia.;https://jogjapolitan.harianjogja.com/read/2023/05/05/511/1134254/gkr-hemas-ingin-masyarakat-setop-pakai-istilah-klitih;05/05/2023;GKR Hemas;Arief Junianto;Arief Junianto;Bantul;Harian Jogja
GKR Hemas: Perempuan Jogja, Cerdas dan Berkarakter Pancasila;"Pemda DIY menjadi satu-satunya provinsi yang mendapatkan penghargaan Predikat Daerah Ramah Perempuan dan Layak Anak (DRPLA) tahun 2022 lalu. Penghargaan yang diterima menunjukkan di DIY peningkatan kualitas hidup, pemberdayaan, dan perlindungan hak perempuan sangat diperhatikan. Anggota MPR RI GKR Hemas mengatakan kecerdasan perempuan adalah faktor utama dalam usaha meningkatkan pemahaman dan penerapan Pancasila. Kalangan perempuan menjadi aktor utama dalam pembentukan karakter anak, termasuk dalam kesadaran beragama. Seorang Ibu, katanya, akan menentukan apakah nanti anaknya akan menjadi toleran atau radikal. ""Perempuanlah yang mengajarkan sikap dasar dari semua manusia, dan dengan kecerdasan alami yang dimiliki, maka tidak sulit bagi perempuan untuk menularkan pemahaman Pancasila kepada orang lain,"" kata Hemas di depan 200 peserta kegiatan Sosialisasi Pancasila di Pendopo Wiyoto Projo, DIY, Senin (17/4/2023). Sosok ibu, lanjutnya, yang akan mengajarkan tentang adanya kesamaan posisi semua manusia. Tidak ada perbedaan gender, perbedaan ras, perbedaan suku, perbedaan jabatan orang tua, perbedaan kekayaan, dan perbedaan status sosial ketika individu harus berurusan dengan Hukum dan HAM. ""Untuk itulah seorang ibu perlu mengajarkan pentingnya kerja sama kepada anak-anaknya. Inilah yang akan menjadi sifat dasar gotong royong dan selanjutnya akan menumbuhkan rasa persatuan sebagai sesama anak bangsa,"" katanya. Jogja, lanjut Hemas, mendukung upaya dalam melestarikan dan meningkatkan kecintaan masyarakat kepada kebudayaan Indonesia. Di Jogja, berbagai tradisi adat di seluruh Nusantara mengemuka kembali, dan cagar budaya di seluruh pelosok Indonesia kembali dipugar. ""Kelestarian ini juga terjadi dalam mengaplikasikan Pancasila. Dengan semangat perempuan menjadi contoh utama, bagaimana dukungan perempuan terhadap sila-sila dalam Pancasila,"" kata Hemas. Dia berharap, seluruh anak bangsa untuk terus mempraktikkan Pancasila dalam kehidupan sehari-hari. Generasi muda dan perempuan harus bisa menghadapi tantangan globalisasi khususnya bila bertentangan dengan nilai-nilai Pancasila dan kebudayaan Indonesia. ""Kami sangat percaya bahwa perempuan Indonesia adalah individu yang cerdas dan sangat bisa membawa perubahan untuk Indonesia yang lebih baik,"" katanya. Dalam sesi tanya jawab, muncul usulan tentang perubahan undang-undang tentang peran perempuan dalam berbagai aspek kehidupan bangsa. Pertanyaan juga muncul mengenai peran perempuan terhadap beberapa peristiwa hukum yang berdampak besar bagi keadaan negara belakangan ini. Menjawab hal tersebut, Hemas mengatakan bahwa sudah banyak undang-undang yang berhasil disahkan terkait dengan perlindungan perempuan, termasuk Undang-Undang TPKS. Semuanya dilakukan dengan perjuangan yang “berdarah-darah”. Selanjutnya melihat peran perempuan dalam peristiwa hukum belakangan ini, Hemas berpendapat bahwa itu harus menjadi contoh. ""Perempuan tidak boleh hanya menjadi pelaku pasif dalam bidang pekerjaan dan kreativitas. Perempuan harus selalu aktif dalam pekerjaan dan berbagai kegiatan sehingga akan menjadi perempuan yang berkarakter dan menghasilkan banyak prestasi yang bisa dibanggakan,"" ujar Hemas.";https://jogjapolitan.harianjogja.com/read/2023/04/18/510/1132533/gkr-hemas-perempuan-jogja-cerdas-dan-berkarakter-pancasila;18/04/2023;GKR Hemas;Stefani Yulindriani Ria S. R;Abdul Hamied Razak;Yogya;Harian Jogja
GKR Hemas Ajak Perempuan Muslim Mengamalkan Pancasila;"Peran perempuan harus terus diperkuat dalam kehidupan berpolitik dan bermasyarakat. Secara kultural, meskipun sering dipinggirkan, perempuan justru sangat menentukan arah pembangunan, politik, dan kehidupan berbangsa dan bernegara. Anggota DPD RI/MPR RI GKR Hemas mendorong perlunya kesatuan gerak perempuan dan keterlibatan dalam agama untuk mengaplikasikan Pancasila secara tuntas dalam kehidupan masyarakat Indonesia. Ia mengingatkan masyarakat untuk belajar dari berbagai konflik di Timur Tengah. Bagaimana politisasi agama di sana sangat memengaruhi kedamaian masyarakat secara keseluruhan. ""Konflik hanya akan menimbulkan kesengsaraan, dan korban utamanya adalah kaum perempuan. Hal ini juga sangat bertentangan dari ide dasar ajaran Agama Islam yang mengajarkan bahwa Islam adalah Rahmatan lil Alamin, atau rahmat bagi seluruh umat manusia,"" katanya saat menggelar Sosialisasi Pancasila di Ndalem Mangkubumen Kraton Ngayogyakarta, Kamis (30/3/2023) Kegiatan sosialisasi diikuti lebih dari 200 orang yang didominasi kalangan perempuan. Mereka berasal dari berbagai organisasi massa utama di Jogja. Di hadapan peserta, Hemas menekankan perlunya penguatan persatuan dan kesatuan bangsa. Keterlibatan perempuan dalam politik harus terus didukung agar bisa membantu mengarahkan kebijakan nasional dan selalu memerhatikan kelompok minoritas dan kelompok tertindas. Baca juga: Jangan Coba-Coba, Produksi Petasan Bisa Dihukum Mati Ndalem Mangkubumen, kata Hemas, merupakan bangunan Cagar Budaya yang pernah digunakan sebagai tempat kuliah Fakultas Kedokteran UGM pada 1952-1982. Pada masa perjuangan kemerdekaan, bangunan itu pernah digunakan sebagai tempat tinggal Panglima Besar Jenderal Sudirman. ""Ndalem Mangkubumen ini juga menjadi saksi sejarah dan ikut melihat keterlibatan perempuan dalam perjuangan kemerdekaan,"" katanya. Kraton Jogja, lanjut Hemas memiliki konsep Hamemayu Hayuning Bawono atau mempercantik keindahan alam semesta. Konsep-konsep serupa juga tersebar di berbagai suku bangsa di Indonesia, dan ini sangat sesuai dengan Sila Pertama, Ketuhanan Yang Maha Esa. Penegasan tentang Pancasila dari Hemas juga merujuk kepada Kemanusiaan Yang Adil dan Beradab, Persatuan Indonesia dan Kerakyatan yang dipimpin oleh Hikmat Kebijaksanaan dalam Permusyawaratan/Perwakilan. ""Perempuan harus mendapatkan keadilan dalam perkembangan peradaban. Persatuan antara berbagai aliran dan organisasi Islam di Nusantara harus diperkuat,"" katanya. Sultanah Perempuan Hemas juga menyinggung tentang tradisi kepemimpinan dan ketokohan perempuan dalam sejarah nusantara. Aceh, misalnya, memiliki banyak panglima perang perempuan seperti Pocut Baren, Laksamana Malahayati, Cut Nyak Dien, Pocut Meurah Intan, Cut Meutia, dan Teungku Fakinah. Aceh juga pernah dipimpin Sultanah empat kali berturut-turut. Sementara di tempat lain di Indonesia juga dikenal tokoh-tokoh perempuan seperti Ratu Shima, Nyi Ageng Serang, Rangkayo Rasuna Said, Rohana Kudus, Dewi Sartika, RA Kartini, Walanda Maramis, dan Christina Martha Tiahahu. Hemas juga menekankan agar perempuan tidak menjadi sumber permasalahan di Indonesia. Kasus petinggi Polri (Kasus Sambo), kasus penganiayaan oleh anak pegawai Ditjen Pajak (Kasus anak Rafael), hingga kasus penyerangan markas polisi, bom gereja, semuanya mengikutkan perempuan sebagai aktor utama. ""Perempuan harus menjadi agen perubahan dan membawa kedamaian bagi bangsa Indonesia. Peran perempuan dalam agama harus diperkuat, sehingga tidak lagi muncul ekstremisme dan radikalisme di Indonesia,"" katanya. Sosialisasi Pancasila tersebut dilanjutkan dengan diskusi dari Prof. Siti Chamamah tentang perbaikan pola pikir dari ulama dan pemimpin bangsa, dan penjelasan dari Prof. Machasin tentang perempuan dalam masyarakat Islam yang berkemajuan. *";https://jogjapolitan.harianjogja.com/read/2023/03/31/510/1130802/gkr-hemas-ajak-perempuan-muslim-mengamalkan-pancasila;31/03/2023;GKR Hemas;Abdul Hamied Razak;Bernadheta Dian Saraswati;Yogya;Harian Jogja
